time,cluster,Cyclone_Inlet_Gas_Temp,Cyclone_Gas_Outlet_Temp,Cyclone_Outlet_Gas_draft,Cyclone_cone_draft,Cyclone_Inlet_Draft,Cyclone_Material_Temp
2017-01-14 21:15:00,1,860.96,810.61,-171.21,-163.64,-125.14,882.74
2017-01-15 04:20:00,1,872.25,816.65,-179.63,-156.8,-132.31,880.59
2017-01-15 04:55:00,1,864.17,817.72,-172.07,-154.49,-130.04,886.47
2017-01-15 05:15:00,1,861.67,816.98,-175.46,-157.25,-130.2,885.53
2017-01-15 05:25:00,1,861.85,815.02,-173.92,-155.81,-130.65,880.12
2017-01-19 09:55:00,1,867.59,821.67,-161.48,-157.06,-120.85,800.0
2017-01-19 10:00:00,1,883.9,826.18,-170.51,-158.25,-132.51,800.0
2017-01-19 10:05:00,1,885.68,831.27,-172.07,-158.5,-130.65,800.0
2017-01-20 19:45:00,1,864.19,812.48,-178.15,-158.48,-137.07,874.4
2017-01-23 01:00:00,1,846.53,805.02,-159.41,-159.48,-128.08,850.55
2017-01-23 10:20:00,1,849.69,829.16,-162.47,-139.65,-146.84,863.0
2017-01-31 05:55:00,1,854.31,824.68,-169.31,-152.05,-137.81,866.91
2017-02-02 10:50:00,1,860.68,836.1,-164.77,-150.87,-131.17,863.44
2017-02-08 04:35:00,1,822.69,798.24,-186.92,-189.45,-146.7,838.98
2017-02-22 12:35:00,1,800.22,769.23,-128.41,-146.51,-94.88,828.11
2017-02-25 15:15:00,1,791.87,807.75,-149.35,-141.48,-115.0,817.32
2017-02-25 21:15:00,1,882.34,789.29,-120.19,-149.55,-96.62,806.32
2017-02-27 01:50:00,1,798.03,767.19,-124.82,-124.05,-93.73,803.3
2017-02-27 02:30:00,1,863.84,824.23,-164.8,-155.51,-136.23,868.93
2017-03-02 08:15:00,1,837.72,812.76,-161.65,-171.11,-145.13,856.72
2017-03-02 08:20:00,1,831.92,801.43,-160.28,-166.21,-143.81,843.99
2017-03-02 08:25:00,1,834.53,788.67,-160.78,-166.22,-137.96,858.98
2017-03-02 08:30:00,1,854.41,789.97,-163.09,-171.54,-143.18,885.15
2017-03-02 11:10:00,1,854.07,828.48,-149.64,-162.38,-140.07,861.43
2017-03-08 00:55:00,1,851.05,856.54,-155.25,-164.65,-129.02,860.91
2017-03-08 02:00:00,1,799.78,809.52,-128.81,-164.54,-115.25,852.22
2017-03-10 17:45:00,1,880.78,855.36,-141.79,-157.71,-110.42,770.67
2017-03-10 17:55:00,1,884.51,879.91,-165.62,-163.29,-139.23,850.67
2017-03-10 18:00:00,1,881.76,883.35,-172.47,-178.12,-147.13,783.83
2017-03-10 18:05:00,1,909.49,898.67,-182.51,-190.56,-154.07,762.13
2017-03-14 11:00:00,1,877.48,832.85,-151.09,-169.42,-122.02,868.09
2017-03-16 22:40:00,1,882.34,799.27,-139.56,-154.26,-105.45,795.18
2017-03-21 00:20:00,1,909.69,806.95,-183.32,-176.8,-145.3,859.71
2017-03-25 03:45:00,1,877.89,789.69,-133.46,-164.73,-107.4,825.75
2017-03-25 09:35:00,1,882.34,779.08,-215.26,-75.29,-169.39,810.79
2017-03-25 11:00:00,1,856.69,833.61,-160.94,-156.56,-136.16,861.58
2017-03-25 11:05:00,1,853.38,822.51,-159.7,-143.66,-133.2,853.58
2017-03-25 11:10:00,1,856.13,814.83,-171.82,-144.44,-139.88,862.63
2017-03-25 11:15:00,1,856.26,813.96,-159.39,-150.14,-127.57,861.0
2017-03-26 21:25:00,1,795.7,803.95,-132.57,-151.39,-96.76,821.35
2017-03-27 12:05:00,1,813.2,856.82,-137.86,-156.38,-111.63,801.86
2017-04-04 17:50:00,1,843.45,836.48,-162.58,-170.96,-132.27,874.18
2017-04-07 21:15:00,1,843.86,834.14,-148.19,-171.41,-134.36,868.13
2017-04-09 16:30:00,1,829.16,817.54,-170.55,-183.9,-146.13,848.57
2017-04-13 14:55:00,1,817.49,854.63,-146.43,-172.23,-113.79,846.78
2017-04-16 01:10:00,1,922.82,917.07,-186.05,-193.48,-151.85,823.66
2017-04-16 01:25:00,1,895.2,911.13,-176.25,-185.23,-147.96,779.5
2017-04-16 02:10:00,1,872.77,894.76,-171.11,-172.55,-137.67,789.32
2017-04-18 10:40:00,1,791.39,816.19,-112.21,-142.33,-102.41,811.56
2017-04-19 21:10:00,1,820.3,871.2,-143.94,-156.88,-122.88,814.88
2017-04-19 21:15:00,1,882.34,821.92,-125.51,-154.95,-111.65,798.86
2017-04-21 04:25:00,1,861.02,862.83,-248.7,-278.75,-215.11,870.94
2017-05-06 03:40:00,1,882.34,801.96,-144.94,-174.62,-117.09,797.79
2017-05-09 12:10:00,1,797.19,841.05,-156.19,-140.58,-130.38,812.72
2017-05-09 12:15:00,1,882.34,780.2,-119.43,-141.66,-103.11,782.46
2017-05-09 12:50:00,1,798.78,849.02,-131.35,-132.76,-108.65,806.24
2017-05-11 18:50:00,1,793.36,825.65,-144.62,-148.64,-118.73,800.77
2017-05-15 23:40:00,1,842.67,850.59,-167.21,-179.3,-131.39,856.51
2017-05-18 21:15:00,1,845.77,849.49,-179.61,-147.59,-139.97,868.8
2017-05-18 21:20:00,1,844.42,842.2,-177.02,-139.18,-138.43,861.99
2017-05-18 21:30:00,1,837.1,834.63,-177.3,-143.7,-135.83,857.47
2017-05-18 21:35:00,1,838.34,832.49,-177.68,-149.87,-137.21,858.45
2017-05-31 00:50:00,1,836.23,864.48,-160.91,-174.04,-120.46,841.75
2017-05-31 00:55:00,1,841.21,848.99,-155.55,-173.44,-110.4,846.41
2017-05-31 17:35:00,1,848.67,837.3,-153.37,-163.47,-109.82,858.28
2017-05-31 17:40:00,1,845.54,831.86,-152.41,-163.66,-109.45,852.79
2017-05-31 20:15:00,1,851.92,814.52,-150.87,-170.7,-126.04,843.54
2017-05-31 20:20:00,1,859.87,811.34,-158.32,-172.62,-127.34,850.2
2017-05-31 21:25:00,1,810.63,792.02,-215.26,-40.99,-169.39,761.03
2017-06-01 01:55:00,1,834.1,833.18,-166.0,-190.27,-135.21,849.24
2017-06-01 08:15:00,1,830.85,844.75,-121.47,-198.48,-91.57,772.81
2017-06-03 16:05:00,1,882.34,821.07,-164.31,-193.3,-146.38,758.04
2017-06-06 17:00:00,1,913.82,892.26,-198.89,-234.24,-144.0,965.13
2017-06-07 13:35:00,1,917.0,893.31,-183.39,-234.03,-138.94,961.55
2017-06-07 14:10:00,1,912.21,906.12,-188.56,-229.52,-141.56,951.72
2017-06-09 03:35:00,1,860.82,862.93,-137.35,-160.85,-102.31,800.0
2017-06-12 12:40:00,1,794.0,811.95,-215.26,-198.48,-169.39,797.29
2017-06-14 12:15:00,1,845.8,893.69,-149.17,-185.24,-120.87,866.0
2017-06-16 19:20:00,1,817.19,868.18,-188.54,-231.89,-161.89,760.12
2017-06-22 06:00:00,1,795.89,808.25,-172.01,-206.27,-152.83,813.04
2017-06-22 06:05:00,1,882.34,787.15,-166.03,-203.73,-149.32,790.54
2017-06-22 07:25:00,1,851.08,881.36,-158.09,-188.49,-128.21,845.6
2017-06-24 21:55:00,1,832.92,840.16,-165.62,-165.06,-134.09,852.39
2017-06-24 22:00:00,1,841.06,829.69,-171.0,-168.35,-137.16,859.58
2017-06-24 22:05:00,1,842.3,826.45,-170.77,-164.99,-138.93,862.56
2017-06-24 22:15:00,1,849.42,824.81,-165.69,-167.46,-130.51,882.77
2017-06-27 17:20:00,1,854.43,879.12,-161.96,-169.99,-133.84,848.12
2017-06-28 14:00:00,1,865.0,867.0,-152.65,-159.81,-126.06,817.92
2017-06-28 14:10:00,1,865.56,874.36,-150.6,-160.55,-121.32,830.21
2017-06-30 18:40:00,1,809.62,840.72,-166.69,-181.53,-143.81,841.52
2017-07-20 14:25:00,1,865.18,842.63,-139.22,-150.06,-118.6,772.44
2017-07-20 14:40:00,1,943.54,891.24,-159.75,-181.93,-131.84,789.42
2017-07-20 14:45:00,1,905.11,898.07,-164.71,-177.96,-133.85,793.95
2017-07-20 14:55:00,1,921.63,870.9,-176.86,-190.07,-143.32,802.33
2017-07-20 15:00:00,1,966.09,904.53,-177.62,-194.26,-142.14,803.09
2017-07-20 23:35:00,1,924.47,907.12,-184.59,-208.42,-149.07,800.0
2017-07-29 04:20:00,1,802.01,850.37,-148.75,-186.92,-117.82,836.59
2017-07-31 04:30:00,1,825.64,870.67,-160.19,-165.09,-133.08,784.46
2017-07-31 04:35:00,1,882.34,803.79,-215.26,-76.35,-169.39,783.85
2017-08-02 02:25:00,1,915.94,890.55,-225.5,-244.18,-179.75,797.1
2017-08-02 09:00:00,1,842.13,849.62,-251.76,-262.09,-209.28,900.0
2017-08-05 03:20:00,1,882.34,818.6,-123.54,-152.11,-96.03,778.22
2017-08-08 02:20:00,1,792.59,853.38,-170.09,-170.31,-141.84,884.37
2017-08-08 16:20:00,1,906.63,922.01,-198.48,-198.66,-152.01,784.38
2017-08-09 14:50:00,1,799.18,861.75,-130.0,-147.49,-97.01,802.03
2017-08-20 03:05:00,1,852.11,832.98,-155.5,-164.17,-141.34,864.01
2017-08-20 10:25:00,1,851.17,825.71,-142.57,-161.79,-131.26,852.7
2017-08-20 10:30:00,1,853.93,819.21,-139.56,-153.07,-122.1,849.09
2017-08-20 10:35:00,1,854.7,818.09,-136.63,-158.19,-126.82,851.99
2017-08-20 10:40:00,1,854.73,815.13,-138.79,-157.72,-124.94,849.78
2017-08-20 10:45:00,1,866.93,815.2,-142.34,-164.47,-130.2,861.55
2017-08-20 10:50:00,1,870.14,817.71,-144.05,-164.31,-130.9,871.86
2017-08-20 10:55:00,1,860.48,820.86,-146.94,-159.57,-131.57,862.65
2017-08-20 11:00:00,1,857.1,821.52,-146.21,-161.18,-131.26,855.21
2017-08-20 11:05:00,1,865.9,822.06,-146.74,-162.31,-131.88,859.91
2017-08-20 11:15:00,1,866.04,827.51,-146.12,-164.12,-133.44,865.65
2017-08-20 11:20:00,1,862.0,827.0,-144.21,-157.27,-128.72,857.49
2017-08-20 11:25:00,1,858.4,825.88,-141.87,-156.01,-126.53,853.9
2017-08-20 11:30:00,1,861.68,823.27,-146.37,-158.67,-130.53,853.88
2017-08-20 12:45:00,1,855.84,834.64,-138.9,-155.63,-128.56,849.47
2017-08-20 12:55:00,1,859.8,824.35,-141.0,-157.84,-135.96,854.87
2017-08-20 13:05:00,1,862.23,821.44,-139.48,-156.52,-130.0,851.85
2017-08-20 13:10:00,1,875.72,822.54,-146.83,-168.25,-135.9,870.15
2017-08-20 13:20:00,1,861.92,828.24,-146.19,-163.44,-137.81,854.78
2017-08-20 14:05:00,1,846.7,834.71,-146.47,-153.55,-128.02,843.87
2017-08-20 14:10:00,1,844.56,822.44,-144.98,-153.16,-128.91,839.89
2017-08-20 14:15:00,1,870.11,818.74,-152.68,-159.85,-134.14,863.59
2017-08-20 14:20:00,1,862.62,821.55,-156.88,-161.03,-139.32,858.96
2017-08-20 14:25:00,1,858.24,820.63,-154.83,-161.51,-131.01,850.18
2017-08-20 14:30:00,1,865.11,820.74,-151.97,-153.24,-128.53,853.61
2017-08-20 14:55:00,1,874.25,833.52,-152.8,-163.23,-139.09,864.57
2017-08-20 15:10:00,1,857.87,840.27,-152.71,-164.39,-134.65,855.53
2017-08-20 15:15:00,1,872.62,835.37,-153.2,-161.52,-134.38,862.89
2017-08-20 15:55:00,1,856.67,843.43,-149.14,-164.72,-130.97,856.32
2017-08-20 17:45:00,1,854.14,825.21,-157.03,-166.94,-137.11,847.01
2017-08-20 17:50:00,1,856.27,820.66,-143.6,-159.95,-123.5,848.52
2017-08-20 17:55:00,1,862.25,821.23,-149.93,-165.4,-134.33,854.31
2017-08-20 18:05:00,1,862.38,826.41,-150.41,-164.5,-134.15,858.78
2017-08-20 19:45:00,1,856.68,843.51,-149.31,-159.35,-132.53,857.88
2017-08-20 20:15:00,1,852.48,841.67,-153.44,-164.4,-133.88,853.21
2017-08-20 22:45:00,1,857.23,836.6,-150.41,-158.5,-131.9,854.69
2017-08-20 22:50:00,1,855.97,828.43,-154.48,-161.93,-137.06,847.86
2017-08-20 22:55:00,1,859.82,824.4,-151.04,-159.17,-133.49,850.06
2017-08-20 23:00:00,1,870.72,824.96,-153.89,-161.08,-135.86,856.5
2017-08-20 23:45:00,1,864.01,839.6,-149.16,-164.83,-132.05,859.82
2017-08-20 23:55:00,1,867.72,834.31,-150.66,-162.33,-132.85,861.82
2017-08-21 00:10:00,1,856.03,841.85,-153.02,-160.98,-132.3,855.33
2017-08-21 00:15:00,1,860.24,833.06,-157.13,-162.75,-139.43,852.77
2017-08-21 02:20:00,1,861.04,830.44,-154.4,-166.65,-132.93,857.21
2017-08-21 03:45:00,1,854.04,820.75,-158.18,-174.32,-138.25,850.84
2017-08-21 03:55:00,1,860.75,821.31,-157.06,-170.15,-137.77,853.55
2017-08-21 04:05:00,1,857.37,821.52,-157.29,-169.46,-139.84,852.97
2017-08-21 06:15:00,1,850.27,817.97,-153.69,-169.4,-134.42,849.39
2017-08-21 07:10:00,1,849.58,824.15,-161.84,-174.88,-141.29,852.16
2017-08-22 20:40:00,1,861.37,832.26,-144.35,-159.14,-125.83,853.92
2017-09-14 01:05:00,1,825.38,846.63,-150.47,-167.66,-134.15,837.28
2017-09-14 01:10:00,1,882.34,785.94,-215.26,-80.59,-169.39,784.4
2017-10-20 03:00:00,1,806.44,808.02,-215.26,-92.1,-169.39,819.57
2017-10-20 03:05:00,1,798.75,804.64,-215.26,-84.87,-169.39,821.82
2017-10-20 03:10:00,1,882.34,795.03,-215.26,-68.26,-169.39,796.98
2017-10-20 03:15:00,1,882.34,780.77,-215.26,-61.46,-169.39,803.12
2017-10-20 05:40:00,1,850.91,821.76,-135.26,-169.83,-129.79,855.24
2017-10-20 15:00:00,1,864.31,820.16,-150.66,-165.87,-134.61,860.64
2017-10-21 09:35:00,1,824.95,814.72,-169.12,-192.24,-147.65,838.81
2017-10-21 20:15:00,1,842.22,856.66,-146.99,-164.71,-131.64,849.13
2017-10-21 20:20:00,1,838.63,836.35,-148.56,-158.58,-133.9,838.73
2017-10-21 20:25:00,1,844.93,826.59,-153.55,-165.37,-135.97,843.09
2017-10-21 20:30:00,1,848.05,823.38,-152.01,-162.82,-136.13,843.76
2017-10-23 20:50:00,1,835.91,890.44,-164.84,-175.76,-144.01,855.39
2017-10-25 09:55:00,1,807.6,822.68,-142.74,-123.8,-122.92,822.33
2017-10-25 10:00:00,1,824.19,813.71,-148.23,-133.98,-129.75,832.63
2017-10-27 09:45:00,1,843.4,842.91,-164.4,-151.82,-131.66,858.92
2017-10-27 10:15:00,1,882.34,779.04,-215.26,-24.75,-169.39,752.79
2017-10-28 00:50:00,1,832.82,851.0,-158.74,-150.56,-128.81,854.94
2017-10-31 08:45:00,1,830.6,827.2,-169.84,-163.13,-150.77,851.72
2017-10-31 21:30:00,1,799.75,787.46,-215.26,-198.48,-169.39,831.35
2017-11-04 09:15:00,1,882.34,836.52,-148.03,-147.02,-123.81,772.59
2017-11-06 19:10:00,1,899.46,899.42,-234.18,-227.63,-198.84,797.36
2017-11-10 19:00:00,1,847.14,884.34,-245.02,-242.35,-215.01,874.88
2017-11-14 08:45:00,1,800.29,867.29,-217.52,-226.45,-207.59,843.33
2017-11-17 04:45:00,1,842.62,878.07,-256.82,-241.08,-211.47,891.69
2017-11-18 00:00:00,1,852.17,872.23,-267.63,-213.14,-220.97,895.85
2017-11-22 09:30:00,1,856.05,840.46,-163.8,-157.14,-135.71,877.65
2017-11-27 15:25:00,1,835.79,847.44,-156.11,-148.69,-127.42,853.19
2017-11-27 15:30:00,1,835.11,838.73,-160.21,-147.86,-133.54,851.48
2017-12-08 23:10:00,1,854.6,869.56,-135.44,-174.06,-130.36,839.76
2017-12-08 23:20:00,1,792.24,816.2,-118.35,-142.91,-100.2,774.38
2017-12-09 01:00:00,1,845.18,848.91,-142.87,-171.81,-123.54,847.0
2017-12-09 01:35:00,1,845.8,842.8,-135.19,-169.45,-117.89,851.48
2017-12-09 01:40:00,1,836.13,824.01,-141.02,-165.08,-117.09,836.37
2017-12-09 01:45:00,1,837.25,815.33,-136.01,-166.35,-118.07,837.66
2017-12-09 01:50:00,1,848.4,819.3,-133.82,-166.86,-119.67,847.61
2017-12-09 02:15:00,1,832.16,826.19,-131.78,-154.21,-112.79,835.09
2017-12-09 02:20:00,1,829.19,810.23,-144.81,-182.82,-127.85,834.25
2017-12-09 02:25:00,1,843.3,810.37,-127.96,-158.56,-114.46,843.39
2017-12-09 03:25:00,1,824.41,803.26,-120.98,-146.44,-101.86,820.84
2017-12-09 03:30:00,1,823.24,800.24,-126.57,-160.8,-112.65,815.34
2017-12-09 03:35:00,1,823.52,799.06,-125.78,-154.18,-108.41,813.75
2017-12-09 03:40:00,1,825.09,797.78,-127.61,-155.2,-114.11,813.28
2017-12-09 03:45:00,1,824.61,795.45,-151.83,-176.95,-129.38,809.53
2017-12-09 03:50:00,1,836.16,794.58,-134.56,-166.49,-109.44,816.63
2017-12-09 04:45:00,1,823.21,810.19,-134.92,-158.13,-108.61,819.78
2017-12-09 04:50:00,1,825.47,801.25,-133.51,-158.41,-110.67,821.09
2017-12-09 04:55:00,1,830.58,801.12,-130.04,-147.34,-104.2,819.8
2017-12-09 05:00:00,1,841.84,804.88,-147.95,-176.75,-126.45,827.71
2017-12-09 05:05:00,1,845.2,813.8,-147.92,-182.83,-127.58,831.87
2017-12-09 05:10:00,1,845.91,821.69,-144.06,-171.31,-122.91,837.44
2017-12-09 05:55:00,1,834.3,813.61,-125.69,-150.35,-109.51,828.95
2017-12-09 06:05:00,1,826.83,808.34,-121.83,-148.32,-103.89,828.36
2017-12-09 06:10:00,1,830.71,807.74,-123.62,-147.55,-104.62,829.38
2017-12-09 07:05:00,1,826.59,809.52,-123.81,-153.9,-107.21,830.64
2017-12-09 07:10:00,1,821.89,810.2,-123.08,-148.22,-103.07,826.73
2017-12-09 07:15:00,1,823.09,810.21,-126.28,-147.49,-107.51,828.98
2017-12-09 07:20:00,1,822.17,808.78,-123.64,-151.79,-106.53,827.92
2017-12-09 07:25:00,1,820.19,807.42,-120.56,-146.97,-102.36,824.13
2017-12-09 07:30:00,1,817.92,805.22,-126.18,-154.69,-110.18,820.95
2017-12-09 07:35:00,1,817.71,805.09,-128.15,-159.85,-114.97,821.39
2017-12-09 07:40:00,1,819.03,804.82,-122.19,-150.25,-106.9,823.22
2017-12-09 07:45:00,1,819.94,803.79,-122.83,-149.0,-105.05,822.9
2017-12-09 07:50:00,1,820.2,803.92,-125.44,-150.69,-106.7,823.0
2017-12-09 08:00:00,1,830.05,810.03,-128.04,-153.07,-108.05,829.26
2017-12-09 08:15:00,1,815.13,805.93,-124.82,-149.85,-103.58,819.25
2017-12-09 08:20:00,1,816.58,800.22,-131.29,-158.19,-114.18,821.52
2017-12-09 08:25:00,1,814.95,796.35,-140.72,-175.99,-125.79,818.33
2017-12-09 08:30:00,1,811.69,793.95,-137.36,-160.53,-114.26,811.98
2017-12-09 08:35:00,1,819.07,795.41,-136.37,-155.43,-112.62,815.7
2017-12-09 08:40:00,1,818.19,798.63,-128.19,-152.21,-103.57,814.04
2017-12-09 08:45:00,1,815.94,797.71,-130.87,-156.29,-107.99,811.5
2017-12-09 08:50:00,1,816.27,797.58,-134.1,-155.6,-109.96,811.6
2017-12-09 08:55:00,1,859.54,807.1,-138.33,-168.16,-117.18,847.32
2017-12-09 10:35:00,1,830.18,836.69,-140.01,-165.69,-111.67,827.27
2017-12-09 10:40:00,1,827.44,818.54,-138.2,-163.69,-111.45,824.94
2017-12-09 10:45:00,1,833.85,817.76,-129.4,-154.19,-102.84,830.09
2017-12-09 10:50:00,1,834.19,818.06,-128.51,-150.37,-105.75,832.68
2017-12-09 14:00:00,1,852.58,858.92,-154.11,-169.73,-128.39,852.48
2017-12-09 22:30:00,1,857.18,832.29,-143.0,-167.77,-121.87,843.77
2017-12-09 22:35:00,1,861.19,828.46,-141.31,-163.76,-118.62,850.18
2017-12-09 22:40:00,1,862.18,826.19,-142.91,-159.43,-119.97,847.89
2017-12-09 22:50:00,1,853.6,829.6,-141.8,-163.14,-117.26,837.69
2017-12-09 22:55:00,1,845.04,821.96,-144.71,-164.6,-121.41,825.75
2017-12-09 23:00:00,1,848.26,816.83,-141.69,-158.65,-116.62,828.27
2017-12-09 23:05:00,1,854.6,816.67,-145.98,-164.31,-117.83,834.96
2017-12-09 23:25:00,1,866.49,835.86,-145.85,-166.34,-119.75,852.34
2017-12-09 23:45:00,1,874.09,834.41,-149.48,-167.24,-126.67,863.37
2017-12-09 23:50:00,1,854.48,829.64,-147.28,-167.09,-120.08,839.64
2017-12-09 23:55:00,1,857.04,827.11,-145.68,-166.26,-122.92,847.05
2017-12-10 00:00:00,1,857.2,825.61,-145.59,-165.28,-120.84,844.86
2017-12-10 00:05:00,1,849.81,823.8,-143.72,-166.71,-120.23,838.46
2017-12-10 00:10:00,1,848.56,820.17,-146.16,-164.16,-121.2,836.71
2017-12-10 00:20:00,1,867.9,833.14,-147.92,-166.36,-122.59,865.04
2017-12-10 00:25:00,1,863.11,831.51,-148.72,-171.24,-124.45,855.17
2017-12-10 00:30:00,1,851.37,825.51,-150.92,-172.3,-125.07,840.3
2017-12-10 00:35:00,1,852.05,823.04,-153.84,-173.6,-129.54,842.36
2017-12-10 00:40:00,1,847.28,815.74,-155.34,-171.48,-128.83,838.2
2017-12-10 00:45:00,1,849.08,814.17,-149.95,-169.78,-124.82,834.97
2017-12-10 00:50:00,1,844.16,812.69,-152.44,-173.9,-126.81,830.89
2017-12-10 00:55:00,1,850.05,813.08,-153.63,-165.63,-125.94,841.33
2017-12-10 01:00:00,1,850.82,814.26,-155.05,-173.54,-129.19,836.34
2017-12-10 01:05:00,1,848.96,814.42,-151.48,-173.46,-127.48,832.44
2017-12-10 01:10:00,1,850.81,814.93,-153.88,-173.56,-125.28,834.56
2017-12-10 01:15:00,1,852.37,814.86,-153.62,-176.45,-131.66,893.86
2017-12-10 01:20:00,1,849.43,814.95,-156.3,-175.78,-129.2,833.85
2017-12-10 01:25:00,1,852.77,819.37,-153.15,-170.74,-128.73,843.02
2017-12-10 01:30:00,1,854.38,820.96,-155.33,-170.01,-129.56,842.94
2017-12-10 01:35:00,1,852.38,821.48,-156.92,-175.89,-131.09,838.8
2017-12-10 01:40:00,1,853.71,818.79,-155.73,-168.28,-128.54,837.9
2017-12-10 01:45:00,1,850.47,821.35,-156.41,-168.64,-128.16,836.92
2017-12-10 01:50:00,1,844.99,815.18,-153.35,-170.84,-127.05,831.81
2017-12-10 01:55:00,1,839.15,811.63,-156.66,-169.36,-130.0,829.72
2017-12-10 02:00:00,1,861.96,812.15,-157.37,-173.91,-130.93,855.46
2017-12-10 02:15:00,1,861.06,834.81,-155.77,-170.16,-127.81,854.94
2017-12-10 02:20:00,1,853.29,828.73,-159.72,-171.46,-132.21,844.3
2017-12-10 02:25:00,1,847.97,821.46,-155.36,-169.63,-129.66,839.81
2017-12-10 02:30:00,1,854.26,819.28,-161.21,-169.37,-132.5,842.01
2017-12-10 02:40:00,1,867.85,836.97,-156.16,-164.2,-129.89,857.87
2017-12-10 04:15:00,1,862.26,842.06,-148.64,-168.75,-124.36,855.61
2017-12-10 04:45:00,1,860.52,833.98,-153.39,-170.22,-126.59,853.19
2017-12-10 04:50:00,1,856.76,832.92,-156.61,-175.18,-132.66,847.38
2017-12-10 05:10:00,1,856.0,835.51,-150.65,-162.75,-130.31,847.49
2017-12-10 07:30:00,1,863.14,830.81,-147.79,-156.75,-122.54,853.13
2017-12-10 07:50:00,1,860.45,838.23,-151.46,-156.24,-127.43,848.75
2017-12-10 08:40:00,1,856.51,839.71,-148.21,-152.93,-127.0,846.01
2017-12-10 09:15:00,1,861.54,835.85,-148.1,-161.91,-124.59,850.58
2017-12-10 09:20:00,1,863.76,834.33,-148.36,-162.77,-125.39,858.44
2017-12-10 09:25:00,1,862.01,832.75,-150.91,-160.69,-126.63,855.32
2017-12-10 09:35:00,1,850.7,829.42,-152.97,-163.59,-127.43,838.82
2017-12-10 09:45:00,1,852.23,827.5,-155.57,-164.59,-133.43,840.04
2017-12-10 09:50:00,1,851.44,826.54,-157.64,-161.71,-133.42,840.07
2017-12-10 09:55:00,1,845.49,821.08,-157.51,-167.39,-133.75,834.46
2017-12-10 10:00:00,1,843.21,816.27,-160.94,-165.28,-137.56,832.43
2017-12-10 10:05:00,1,850.98,815.91,-156.32,-150.69,-130.74,840.61
2017-12-10 10:10:00,1,858.88,819.74,-156.92,-159.22,-132.54,850.84
2017-12-10 10:15:00,1,856.14,824.31,-156.63,-165.88,-132.1,843.9
2017-12-10 10:20:00,1,854.9,829.53,-155.91,-160.36,-131.27,842.96
2017-12-10 10:25:00,1,852.88,827.29,-157.64,-161.66,-132.12,839.87
2017-12-10 10:30:00,1,848.17,824.05,-163.49,-161.29,-138.86,837.32
2017-12-10 10:35:00,1,850.34,820.86,-167.59,-162.43,-143.43,838.58
2017-12-10 10:40:00,1,865.13,827.19,-156.79,-161.33,-130.78,856.45
2017-12-10 10:50:00,1,850.31,834.0,-153.76,-149.07,-128.51,837.21
2017-12-10 10:55:00,1,852.72,830.16,-154.71,-150.69,-130.42,836.27
2017-12-10 11:05:00,1,865.82,839.53,-156.71,-149.89,-130.85,847.41
2017-12-10 12:00:00,1,871.07,849.68,-160.26,-159.27,-133.45,854.89
2017-12-10 12:15:00,1,868.74,845.1,-161.74,-158.39,-137.02,852.26
2017-12-10 12:25:00,1,870.29,847.6,-159.58,-158.62,-133.27,854.2
2017-12-10 13:55:00,1,852.37,843.24,-155.89,-167.86,-133.46,838.29
2017-12-10 14:55:00,1,857.63,839.82,-162.25,-170.77,-135.11,848.43
2017-12-10 15:40:00,1,846.04,839.19,-163.92,-175.48,-139.41,838.17
2017-12-10 16:05:00,1,844.37,833.22,-161.73,-169.87,-136.14,842.77
2017-12-10 16:35:00,1,850.17,833.79,-161.66,-175.16,-135.24,841.23
2017-12-10 16:45:00,1,852.66,830.02,-167.29,-178.26,-143.15,845.54
2017-12-10 16:55:00,1,852.05,828.35,-165.0,-176.17,-140.62,842.93
2017-12-10 19:00:00,1,849.32,823.36,-163.63,-170.37,-141.66,841.87
2017-12-10 19:05:00,1,851.08,820.31,-165.04,-153.01,-138.64,842.45
2017-12-10 19:10:00,1,852.92,819.3,-167.72,-168.53,-143.42,846.77
2017-12-10 19:15:00,1,859.56,823.81,-164.75,-151.61,-137.3,856.01
2017-12-10 19:40:00,1,858.24,834.92,-166.96,-145.69,-144.83,849.64
2017-12-10 19:45:00,1,852.56,829.36,-164.59,-157.15,-135.44,841.67
2017-12-10 19:50:00,1,843.1,820.35,-164.81,-166.54,-139.72,832.86
2017-12-10 20:15:00,1,847.93,834.15,-162.2,-155.97,-138.98,836.21
2017-12-12 11:50:00,1,808.57,818.41,-119.21,-143.17,-97.22,806.02
2017-12-12 12:00:00,1,824.9,858.89,-142.04,-169.94,-110.37,816.28
2017-12-12 12:05:00,1,856.81,844.26,-148.84,-168.6,-120.26,852.49
2017-12-12 12:10:00,1,842.18,843.83,-149.57,-162.97,-125.02,842.0
2017-12-12 12:15:00,1,841.72,841.6,-148.31,-164.82,-124.31,839.29
2017-12-12 12:20:00,1,847.75,843.01,-147.44,-156.36,-124.14,846.89
2017-12-12 12:30:00,1,844.49,845.3,-147.61,-159.64,-121.89,839.37
2017-12-12 12:40:00,1,848.75,843.05,-156.66,-179.08,-125.1,842.11
2017-12-12 12:45:00,1,851.64,853.06,-148.88,-161.4,-123.32,847.81
2017-12-12 12:50:00,1,855.79,846.99,-150.42,-166.81,-125.18,855.8
2017-12-12 12:55:00,1,845.18,846.87,-150.63,-164.46,-127.55,841.9
2017-12-12 13:00:00,1,855.73,846.06,-151.29,-169.79,-124.83,853.97
2017-12-12 13:05:00,1,838.06,848.42,-149.47,-168.33,-125.76,833.04
2017-12-12 13:10:00,1,843.69,852.4,-142.7,-158.86,-118.09,843.51
2017-12-12 13:15:00,1,842.05,843.85,-146.84,-167.48,-124.41,841.29
2017-12-12 13:20:00,1,832.82,840.6,-145.64,-159.35,-121.6,830.47
2017-12-12 13:25:00,1,846.76,845.51,-147.68,-162.69,-119.22,849.23
2017-12-12 13:30:00,1,843.27,845.9,-150.83,-169.36,-126.24,840.94
2017-12-12 13:35:00,1,848.56,840.33,-158.69,-177.32,-131.57,841.47
2017-12-12 13:45:00,1,824.82,834.45,-158.39,-176.33,-132.13,826.52
2017-12-12 13:50:00,1,829.77,833.05,-159.25,-170.72,-130.79,830.26
2017-12-13 00:40:00,1,839.04,836.44,-153.09,-150.04,-138.66,830.74
2017-12-13 01:45:00,1,859.44,845.59,-168.52,-157.83,-136.83,836.4
2017-12-13 01:50:00,1,862.75,842.95,-167.55,-152.09,-139.04,841.55
2017-12-13 02:05:00,1,861.26,842.66,-164.07,-149.73,-134.25,852.55
2017-12-13 03:05:00,1,851.04,831.51,-177.93,-125.21,-147.73,851.41
2017-12-13 15:35:00,1,808.42,828.46,-98.05,-198.48,-83.69,817.44
2017-12-13 17:35:00,1,813.59,820.53,-196.58,-220.64,-175.56,814.09
2017-12-14 16:40:00,1,791.46,828.18,-206.92,-220.33,-179.99,811.08
2017-12-14 20:40:00,1,855.38,824.97,-151.09,-152.07,-119.97,846.8
2017-12-14 20:45:00,1,863.94,830.14,-160.03,-160.06,-129.59,874.57
2017-12-14 21:05:00,1,854.67,825.56,-160.07,-156.9,-127.05,864.15
2017-12-14 21:25:00,1,863.12,825.09,-162.96,-162.92,-128.19,864.83
2017-12-14 21:30:00,1,857.61,828.43,-161.6,-161.0,-130.24,876.07
2017-12-14 22:50:00,1,879.19,823.61,-165.05,-166.22,-126.11,886.6
2017-12-15 03:30:00,1,853.67,816.82,-172.68,-177.03,-135.87,846.77
2017-12-15 03:35:00,1,853.44,814.27,-172.79,-177.97,-138.77,846.3
2017-12-15 05:20:00,1,854.47,815.04,-171.9,-173.22,-137.23,844.49
2017-12-25 02:05:00,1,845.17,855.1,-257.78,-253.97,-207.23,839.75
2017-12-25 06:40:00,1,789.34,800.66,-215.26,-198.48,-169.39,836.01
2017-12-25 14:20:00,1,810.09,843.39,-247.22,-254.96,-210.75,818.51
2017-12-27 17:55:00,1,812.92,814.01,-215.26,-198.48,-169.39,799.54
2017-12-28 11:20:00,1,882.34,785.85,-215.26,-61.17,-169.39,797.57
2017-12-29 03:35:00,1,850.37,849.52,-161.13,-174.51,-125.91,858.45
2017-12-30 16:25:00,1,817.73,888.87,-255.19,-254.8,-206.07,852.02
2018-01-01 15:25:00,1,814.26,865.54,-164.85,-171.25,-139.21,867.13
2018-01-01 15:30:00,1,882.34,804.75,-154.42,-169.31,-127.62,810.97
2018-01-01 15:35:00,1,882.34,774.08,-140.23,-158.25,-105.58,795.9
2018-01-01 15:40:00,1,806.83,787.31,-139.49,-159.94,-110.06,820.09
2018-01-01 15:50:00,1,794.01,809.89,-122.77,-138.53,-96.2,826.48
2018-01-01 15:55:00,1,810.54,807.34,-122.89,-145.8,-93.65,831.78
2018-01-08 05:15:00,1,824.55,792.93,-159.13,-181.59,-127.12,818.77
2018-01-09 00:35:00,1,856.77,819.62,-259.7,-253.47,-210.49,857.54
2018-01-09 03:45:00,1,856.76,821.39,-265.79,-257.13,-214.55,852.91
2018-01-09 03:55:00,1,861.96,819.85,-262.91,-253.32,-211.54,857.83
2018-01-16 04:40:00,1,861.29,820.58,-175.04,-172.63,-141.04,816.08
2018-01-16 04:50:00,1,853.96,812.67,-181.4,-181.75,-145.96,810.57
2018-01-16 05:05:00,1,856.82,816.75,-180.65,-176.38,-144.62,808.35
2018-01-16 05:10:00,1,856.6,818.8,-179.45,-179.98,-143.84,808.69
2018-01-16 05:20:00,1,854.52,814.75,-179.03,-184.1,-141.4,808.44
2018-01-16 05:25:00,1,860.82,818.87,-176.42,-179.65,-138.41,812.49
2018-01-16 05:30:00,1,854.42,817.8,-175.32,-181.54,-138.95,811.8
2018-01-16 05:35:00,1,847.32,814.47,-178.48,-179.24,-140.45,810.43
2018-01-16 05:40:00,1,853.64,815.02,-178.27,-182.31,-140.33,810.16
2018-01-16 11:00:00,1,788.71,808.03,-138.35,-144.05,-97.01,817.38
2018-01-16 11:40:00,1,865.56,856.59,-155.26,-159.3,-123.65,831.07
2018-01-16 11:45:00,1,845.54,831.39,-166.78,-165.72,-130.81,823.37
2018-01-16 15:20:00,1,792.99,804.21,-215.26,-198.48,-169.39,834.71
2018-01-16 19:50:00,1,862.56,863.66,-147.38,-151.31,-114.75,768.1
2018-01-16 19:55:00,1,853.93,840.94,-158.28,-164.61,-119.65,768.17
2018-01-16 20:00:00,1,874.07,846.28,-172.93,-169.56,-130.36,768.17
2018-01-16 20:05:00,1,874.01,848.48,-176.41,-172.76,-137.87,768.17
2018-01-21 06:05:00,1,858.61,838.03,-261.34,-275.85,-221.64,866.28
2018-01-25 19:20:00,1,845.93,824.77,-257.64,-249.05,-198.59,851.45
2018-01-25 20:45:00,1,835.69,813.79,-252.66,-245.38,-192.34,836.9
2018-01-25 21:05:00,1,847.14,823.64,-260.83,-256.03,-202.4,852.74
2018-01-25 21:10:00,1,841.68,815.13,-248.51,-241.24,-190.89,842.05
2018-01-27 10:45:00,1,839.69,818.68,-258.65,-253.28,-173.46,840.05
2018-01-27 10:50:00,1,840.58,814.75,-250.19,-246.78,-165.15,840.98
2018-01-30 22:15:00,1,830.4,837.52,-179.02,-135.13,-129.46,845.04
2018-02-01 01:15:00,1,851.68,860.38,-268.02,-264.97,-203.37,886.34
2018-02-01 05:30:00,1,852.24,865.38,-265.52,-268.69,-199.83,876.39
2018-02-01 05:35:00,1,849.33,855.77,-264.82,-275.8,-202.91,866.03
2018-02-01 08:35:00,1,846.28,853.03,-271.79,-275.21,-209.99,867.15
2018-02-01 08:55:00,1,843.98,851.09,-273.59,-271.67,-204.58,858.1
2018-02-01 09:00:00,1,855.2,852.96,-267.08,-275.3,-202.62,871.07
2018-02-01 17:30:00,1,882.34,847.82,-215.26,-66.71,-169.39,753.96
2018-02-01 17:35:00,1,882.34,839.51,-215.26,-67.72,-169.39,757.65
2018-02-01 17:40:00,1,882.34,836.73,-215.26,-76.21,-169.39,761.78
2018-02-01 17:50:00,1,967.21,831.75,-84.68,-198.48,-73.71,771.24
2018-02-01 17:55:00,1,927.5,843.66,-59.3,-198.48,-169.39,772.12
2018-02-01 18:10:00,1,788.98,785.79,-215.26,-198.48,-169.39,782.12
2018-02-07 16:25:00,1,844.8,830.61,-270.27,-236.06,-207.0,852.76
2018-02-07 16:30:00,1,841.72,826.08,-264.93,-237.9,-201.71,847.2
2018-02-11 12:15:00,1,882.34,828.48,-146.46,-138.55,-99.37,763.96
2018-02-11 17:40:00,1,848.5,784.11,-165.22,-160.98,-138.19,858.28
2018-02-15 20:15:00,1,828.5,832.01,-153.58,-143.38,-120.05,815.5
2018-02-15 20:30:00,1,804.61,780.59,-215.26,-198.48,-169.39,797.08
2018-02-20 19:05:00,1,841.58,844.95,-261.46,-274.82,-201.34,862.47
2018-02-20 19:20:00,1,840.95,847.46,-260.91,-274.31,-201.12,858.04
2018-02-21 06:00:00,1,853.0,826.13,-270.61,-282.59,-217.81,868.37
2018-02-21 06:30:00,1,850.51,827.56,-270.47,-279.88,-218.13,864.3
2018-02-22 00:40:00,1,830.17,825.56,-246.75,-255.48,-192.32,859.78
2018-02-22 12:40:00,1,822.88,804.62,-259.0,-264.04,-212.26,837.81
2018-02-22 12:50:00,1,813.54,791.22,-243.6,-254.29,-195.17,828.69
2018-02-22 12:55:00,1,816.73,794.82,-218.19,-225.82,-177.76,843.09
2018-02-22 13:05:00,1,833.85,824.58,-162.05,-165.27,-124.77,863.58
2018-02-23 21:30:00,1,843.18,865.55,-263.42,-253.17,-201.1,897.33
2018-02-23 22:00:00,1,839.63,861.22,-270.06,-267.11,-204.33,887.13
2018-02-24 06:55:00,1,827.21,826.19,-258.9,-249.37,-193.29,857.79
2018-02-26 07:20:00,1,798.48,781.2,-215.26,-198.48,-169.39,811.16
2018-02-26 07:25:00,1,791.16,779.36,-215.26,-198.48,-169.39,815.31
2018-03-01 06:40:00,1,827.97,836.93,-240.45,-248.2,-193.24,970.45
2018-03-07 07:20:00,1,808.15,808.43,-158.6,-169.42,-129.31,826.92
2018-03-07 19:35:00,1,796.24,777.25,-215.26,-70.91,-169.39,844.64
2018-03-07 20:30:00,1,844.19,787.99,-150.56,-160.52,-126.42,838.8
2018-03-07 23:05:00,1,805.06,800.44,-113.4,-128.45,-96.33,766.25
2018-03-08 02:40:00,1,858.6,837.24,-147.45,-170.4,-120.71,854.4
2018-03-20 00:05:00,1,845.36,952.43,-209.41,-144.72,-163.62,843.76
2018-03-20 03:05:00,1,842.48,871.35,-263.75,-199.3,-207.85,846.34
2018-03-21 03:40:00,1,803.73,806.15,-218.55,-177.42,-180.47,832.24
2018-03-26 00:30:00,1,899.42,882.43,-266.71,-131.18,-205.02,932.55
2018-04-01 16:20:00,1,790.51,801.26,-215.26,-198.48,-169.39,821.78
2018-04-04 05:30:00,1,832.42,811.19,-162.06,-132.75,-120.66,841.48
2018-04-04 17:55:00,1,836.37,853.7,-165.45,-169.36,-124.79,865.33
2018-04-04 18:00:00,1,833.89,848.31,-168.22,-171.28,-126.62,860.41
2018-04-13 02:25:00,1,905.57,905.7,-256.38,-235.8,-188.39,814.89
2018-04-13 02:30:00,1,923.91,915.0,-255.25,-241.71,-182.68,800.74
2018-04-13 02:50:00,1,905.33,892.67,-256.79,-239.96,-190.32,801.26
2018-04-13 03:10:00,1,889.59,865.43,-267.84,-250.53,-201.64,783.73
2018-04-13 03:20:00,1,919.35,890.78,-265.2,-249.19,-200.7,799.38
2018-04-13 03:25:00,1,897.85,865.93,-265.78,-255.98,-196.49,802.15
2018-04-13 03:30:00,1,888.0,856.07,-264.15,-249.34,-199.04,772.07
2018-04-13 03:50:00,1,891.54,862.2,-266.55,-246.3,-200.95,775.77
2018-04-13 04:00:00,1,937.54,904.77,-263.57,-248.81,-192.23,790.61
2018-04-13 04:05:00,1,946.13,915.7,-253.81,-238.34,-186.49,764.42
2018-04-13 04:10:00,1,917.15,887.57,-254.35,-236.14,-192.04,790.34
2018-04-13 04:15:00,1,897.99,867.32,-257.63,-248.0,-193.89,762.2
2018-04-13 05:00:00,1,914.82,884.09,-247.03,-230.72,-178.12,759.8
2018-04-13 05:05:00,1,900.65,876.59,-263.55,-246.38,-195.84,769.84
2018-04-13 11:50:00,1,856.69,822.18,-269.83,-254.58,-205.44,861.55
2018-04-14 10:10:00,1,809.85,796.51,-215.26,-198.48,-169.39,811.58
2018-04-14 10:15:00,1,803.88,793.27,-215.26,-198.48,-169.39,772.06
2018-04-15 22:50:00,1,909.78,834.6,-273.65,-254.39,-200.73,866.59
2018-04-16 04:20:00,1,898.93,838.61,-269.79,-253.19,-200.93,859.34
2018-04-16 07:40:00,1,864.69,829.8,-277.96,-257.51,-206.23,884.89
2018-04-16 07:45:00,1,861.67,828.91,-278.24,-265.83,-204.57,867.67
2018-04-16 10:05:00,1,866.81,830.96,-283.38,-256.82,-207.32,883.03
2018-04-16 10:10:00,1,866.57,832.29,-277.73,-260.18,-210.42,882.32
2018-04-16 14:40:00,1,880.32,851.39,-284.16,-270.79,-223.54,829.88
2018-04-16 14:45:00,1,865.3,842.43,-274.16,-263.2,-211.87,833.15
2018-04-16 15:15:00,1,902.91,859.07,-260.29,-241.89,-200.53,840.53
2018-04-16 16:00:00,1,874.64,850.22,-277.19,-254.14,-210.9,853.81
2018-04-16 17:25:00,1,899.23,862.9,-267.06,-248.73,-211.25,802.51
2018-04-16 17:30:00,1,880.04,852.04,-271.14,-256.59,-207.45,816.99
2018-04-16 17:35:00,1,862.55,845.03,-262.93,-245.71,-205.24,817.87
2018-04-17 14:00:00,1,849.7,849.16,-275.88,-251.86,-199.14,887.91
2018-04-17 14:35:00,1,835.22,843.95,-270.52,-247.46,-195.23,864.49
2018-04-17 18:05:00,1,842.7,849.19,-286.11,-241.07,-203.8,865.57
2018-04-19 17:05:00,1,907.25,817.85,-205.19,-186.26,-141.33,958.1
2018-05-01 16:10:00,1,861.49,810.24,-162.48,-148.32,-139.03,853.04
2018-05-01 16:15:00,1,854.2,803.66,-169.27,-157.88,-142.87,838.95
2018-05-04 15:25:00,1,858.95,870.45,-171.94,-155.78,-138.98,845.65
2018-05-06 13:30:00,1,917.72,829.01,-239.95,-168.62,-185.15,970.03
2018-05-06 22:15:00,1,849.61,813.42,-234.75,-114.77,-187.0,870.34
2018-05-06 22:20:00,1,851.54,811.2,-233.36,-96.49,-185.9,872.11
2018-05-07 05:35:00,1,809.66,822.32,-191.15,-173.84,-156.85,830.67
2018-05-07 05:40:00,1,816.39,801.14,-161.66,-155.44,-126.9,863.82
2018-05-08 02:35:00,1,882.34,787.15,-215.26,-45.55,-169.39,779.59
2018-05-08 09:55:00,1,856.12,786.06,-179.51,-141.33,-142.05,857.56
2018-05-08 13:15:00,1,846.56,780.96,-196.04,-108.97,-155.24,850.74
2018-05-08 14:20:00,1,838.33,791.75,-194.24,-104.17,-152.95,856.85
2018-05-08 14:30:00,1,837.24,784.98,-186.01,-99.49,-149.11,853.69
2018-05-09 15:30:00,1,860.16,817.14,-181.36,-135.72,-142.3,867.79
2018-05-09 15:35:00,1,860.16,817.14,-181.36,-135.72,-142.3,867.79
2018-05-10 11:10:00,1,882.34,871.35,-150.96,-146.53,-137.84,781.11
2018-05-10 16:50:00,1,924.5,821.62,-261.05,-203.71,-205.88,903.81
2018-05-11 03:05:00,1,855.59,863.65,-266.47,-252.52,-212.27,880.07
2018-05-12 10:55:00,1,874.67,869.04,-272.16,-253.71,-217.22,841.84
2018-05-12 13:20:00,1,874.35,863.64,-259.59,-247.87,-211.67,786.55
2018-05-14 09:10:00,1,875.42,823.81,-274.97,-247.02,-223.6,884.7
2018-05-14 09:25:00,1,861.54,841.85,-264.02,-247.24,-218.45,861.25
2018-05-14 11:10:00,1,850.82,850.98,-277.93,-257.37,-215.86,873.1
2018-05-14 11:25:00,1,852.13,855.36,-265.83,-255.49,-211.71,877.08
2018-05-14 15:05:00,1,853.62,855.13,-259.72,-251.4,-213.59,867.42
2018-05-14 15:10:00,1,856.02,855.46,-265.16,-253.61,-218.24,871.54
2018-05-14 19:35:00,1,870.02,826.77,-267.39,-250.06,-220.7,860.21
2018-05-14 19:40:00,1,882.89,822.35,-266.22,-255.29,-220.09,876.38
2018-05-16 17:20:00,1,882.34,871.35,-136.64,-151.02,-111.13,756.1
2018-05-16 17:25:00,1,819.04,871.35,-134.6,-157.02,-116.26,765.88
2018-05-16 17:30:00,1,802.76,871.35,-147.23,-159.68,-126.32,773.18
2018-05-16 17:40:00,1,847.19,871.35,-146.97,-162.23,-128.54,809.76
2018-05-16 17:45:00,1,890.58,871.35,-153.51,-169.35,-136.17,825.41
2018-05-16 17:55:00,1,826.23,871.35,-166.1,-168.85,-147.29,827.58
2018-05-16 18:00:00,1,827.09,871.35,-147.24,-158.42,-127.59,827.9
2018-05-17 05:35:00,1,847.14,871.35,-255.33,-251.36,-211.3,861.26
2018-05-17 06:20:00,1,859.01,871.35,-258.77,-254.44,-215.34,867.68
2018-05-17 06:45:00,1,859.97,871.35,-258.56,-255.96,-214.92,865.65
2018-05-17 06:55:00,1,856.0,871.35,-258.55,-262.97,-218.74,859.02
2018-05-20 00:25:00,1,859.18,836.7,-266.88,-252.48,-215.54,884.33
2018-05-20 00:45:00,1,854.32,833.05,-264.21,-252.3,-215.48,868.48
2018-05-20 01:10:00,1,856.66,837.06,-264.73,-252.81,-218.14,875.47
2018-05-20 01:20:00,1,860.87,837.11,-272.55,-259.92,-214.07,875.49
2018-05-20 01:35:00,1,858.77,843.82,-268.35,-250.69,-213.75,877.86
2018-05-20 01:45:00,1,852.37,843.4,-266.12,-254.41,-217.09,870.86
2018-05-20 01:50:00,1,851.45,840.2,-266.49,-253.74,-216.88,866.82
2018-05-20 01:55:00,1,854.97,840.14,-270.59,-245.56,-220.47,870.5
2018-05-20 02:00:00,1,856.06,840.92,-260.44,-247.98,-213.08,873.07
2018-05-20 02:10:00,1,858.14,845.19,-265.54,-255.67,-215.41,880.5
2018-05-20 02:20:00,1,854.23,828.72,-267.18,-253.1,-214.05,875.55
2018-05-20 02:25:00,1,854.25,842.38,-264.21,-251.02,-213.52,869.49
2018-05-20 02:30:00,1,852.74,838.61,-265.65,-250.18,-216.57,867.03
2018-05-20 02:35:00,1,854.42,831.19,-274.37,-255.72,-218.51,869.94
2018-05-20 02:40:00,1,854.34,832.25,-268.8,-255.88,-220.1,869.26
2018-05-20 02:45:00,1,854.12,840.5,-266.01,-253.05,-215.05,867.42
2018-05-20 02:55:00,1,850.03,839.72,-266.3,-254.36,-219.91,862.14
2018-05-20 03:00:00,1,849.38,838.96,-264.06,-247.31,-210.83,860.38
2018-05-20 03:05:00,1,848.95,839.06,-268.05,-256.41,-215.78,860.0
2018-05-20 03:15:00,1,855.02,833.3,-274.4,-261.41,-221.06,866.91
2018-05-20 03:35:00,1,850.22,849.39,-272.81,-260.39,-216.74,876.59
2018-05-20 03:40:00,1,850.0,842.98,-266.54,-252.26,-220.12,865.59
2018-05-20 03:45:00,1,860.25,842.66,-272.75,-258.61,-221.87,871.97
2018-05-20 06:35:00,1,852.57,847.97,-265.9,-247.67,-212.0,882.54
2018-05-20 06:40:00,1,851.14,842.41,-265.41,-251.82,-211.19,878.2
2018-05-22 01:10:00,1,834.56,790.16,-156.11,-153.67,-132.22,835.79
2018-05-22 01:15:00,1,847.02,798.11,-170.53,-161.03,-139.94,838.01
2018-05-23 23:15:00,1,889.73,829.15,-155.67,-157.84,-132.82,858.37
2018-05-24 01:50:00,1,859.17,840.09,-276.86,-254.68,-215.96,881.54
2018-05-24 02:00:00,1,860.7,831.62,-273.74,-248.83,-219.32,869.65
2018-05-25 10:40:00,1,788.41,831.8,-141.39,-135.19,-114.94,833.58
2018-05-26 02:20:00,1,856.13,840.68,-274.23,-244.22,-214.6,874.99
2018-05-26 02:25:00,1,856.14,839.86,-284.01,-254.05,-218.48,874.48
2018-05-26 02:30:00,1,858.68,839.36,-281.15,-253.89,-221.37,875.01
2018-05-26 02:35:00,1,858.19,839.24,-272.99,-247.43,-215.33,874.65
2018-05-28 22:00:00,1,855.47,842.96,-272.14,-250.78,-217.44,891.63
2018-05-28 22:05:00,1,854.15,829.29,-271.1,-248.05,-216.98,882.9
2018-05-28 22:10:00,1,853.87,821.67,-268.92,-247.52,-215.94,876.91
2018-05-28 22:15:00,1,856.19,818.64,-269.57,-257.98,-216.29,872.6
2018-05-28 22:20:00,1,862.65,822.8,-271.27,-247.62,-216.38,873.58
2018-05-29 01:00:00,1,832.78,803.3,-152.87,-148.59,-125.86,846.73
2018-05-29 01:05:00,1,851.67,806.01,-169.66,-158.27,-136.82,844.67
2018-05-31 19:10:00,1,807.0,777.51,-142.69,-144.79,-110.19,813.13
2018-05-31 19:15:00,1,799.36,772.3,-215.26,-31.78,-169.39,796.14
2018-06-01 02:35:00,1,797.06,791.95,-126.71,-116.8,-103.6,774.17
2018-06-01 02:40:00,1,800.66,789.5,-122.35,-122.18,-104.35,793.13
2018-06-01 03:30:00,1,852.64,852.56,-162.93,-158.41,-133.54,856.39
2018-06-01 09:15:00,1,844.84,851.76,-273.04,-259.7,-215.33,863.78
2018-06-04 12:05:00,1,859.73,856.49,-278.6,-254.13,-210.01,861.94
2018-06-04 12:25:00,1,858.34,853.03,-278.28,-247.06,-207.79,854.52
2018-06-04 12:30:00,1,862.49,852.81,-291.72,-252.84,-211.81,852.87
2018-06-04 17:35:00,1,865.17,840.43,-284.85,-246.19,-212.04,853.45
2018-06-04 17:40:00,1,866.76,839.47,-289.61,-254.67,-215.56,846.8
2018-06-04 21:35:00,1,876.61,848.68,-292.11,-260.9,-215.71,846.64
2018-06-05 00:40:00,1,872.93,857.94,-283.47,-250.07,-211.96,845.17
2018-06-09 00:40:00,1,897.11,847.03,-269.15,-245.1,-206.45,856.79
2018-06-09 04:05:00,1,884.2,842.49,-282.64,-242.7,-222.85,859.57
2018-06-09 23:00:00,1,840.39,811.89,-270.63,-260.77,-215.87,814.42
2018-06-10 01:30:00,1,860.9,840.61,-276.36,-239.15,-211.71,866.02
2018-06-14 21:25:00,1,820.91,851.21,-166.28,-168.14,-115.6,791.01
2018-06-18 06:55:00,1,877.29,813.33,-171.39,-166.86,-112.87,869.4
2018-06-19 21:00:00,1,858.89,785.41,-141.42,-139.69,-109.13,840.89
2018-06-19 22:15:00,1,927.73,813.1,-154.31,-151.91,-114.34,814.97
2018-06-19 22:20:00,1,896.42,788.58,-215.26,-60.86,-169.39,799.86
2018-06-19 22:35:00,1,823.59,779.49,-215.26,-198.48,-169.39,818.79
2018-06-19 23:50:00,1,915.25,799.89,-161.81,-148.37,-115.98,841.29
2018-06-21 18:10:00,1,884.67,779.07,-166.66,-160.8,-133.6,828.51
2018-06-21 18:20:00,1,863.9,792.4,-165.14,-161.88,-138.64,854.78
2018-06-21 18:25:00,1,862.01,803.54,-156.32,-154.03,-124.99,875.97
2018-06-21 20:00:00,1,965.75,871.35,-186.26,-177.44,-129.97,851.46
2018-06-21 20:05:00,1,946.46,871.35,-185.76,-182.14,-135.18,847.78
2018-06-21 20:10:00,1,925.34,871.35,-183.98,-170.93,-125.75,844.84
2018-06-21 20:50:00,1,947.04,871.35,-195.75,-185.99,-139.68,840.44
2018-06-21 23:50:00,1,944.72,829.37,-255.74,-238.7,-187.87,846.55
2018-06-21 23:55:00,1,925.3,834.52,-268.67,-253.83,-200.24,850.77
2018-06-22 10:25:00,1,913.29,844.17,-264.48,-248.87,-195.7,853.11
2018-06-22 23:50:00,1,924.53,834.99,-254.54,-239.25,-196.08,844.09
2018-06-22 23:55:00,1,904.43,833.32,-269.08,-254.44,-210.37,841.72
2018-06-23 00:00:00,1,887.42,833.0,-266.73,-250.93,-206.22,836.9
2018-06-23 01:30:00,1,952.66,847.84,-259.58,-248.98,-200.39,852.24
2018-06-23 01:35:00,1,932.02,837.7,-270.36,-252.36,-207.64,841.5
2018-06-23 01:40:00,1,913.48,834.89,-270.3,-250.3,-207.78,840.19
2018-06-23 01:45:00,1,898.2,834.78,-261.88,-243.47,-202.36,841.76
2018-06-23 01:50:00,1,885.8,834.2,-273.49,-260.47,-212.31,840.47
2018-06-23 01:55:00,1,875.83,832.59,-268.42,-262.83,-206.83,839.44
2018-06-23 02:00:00,1,867.7,831.61,-271.88,-261.05,-209.36,839.32
2018-06-23 02:05:00,1,861.13,832.57,-277.81,-271.58,-212.98,846.25
2018-06-23 02:15:00,1,855.58,840.97,-260.86,-257.48,-200.11,852.81
2018-06-23 02:30:00,1,852.05,856.33,-269.38,-252.45,-211.99,878.27
2018-06-23 03:10:00,1,846.69,850.45,-266.75,-255.71,-202.33,857.71
2018-06-23 04:15:00,1,913.91,854.87,-265.34,-242.47,-201.63,864.44
2018-06-23 04:45:00,1,846.95,840.54,-273.8,-254.85,-208.92,844.38
2018-06-23 04:50:00,1,842.36,838.79,-274.02,-257.19,-202.75,841.57
2018-06-23 04:55:00,1,838.96,837.86,-275.35,-258.09,-211.7,841.96
2018-06-23 05:00:00,1,839.03,849.34,-268.99,-252.45,-202.56,874.47
2018-06-23 05:10:00,1,850.93,864.72,-269.61,-246.08,-207.08,890.13
2018-06-23 05:20:00,1,854.89,850.99,-274.58,-256.62,-201.78,866.08
2018-06-27 08:55:00,1,894.71,847.49,-273.05,-260.71,-207.67,860.67
2018-06-27 14:40:00,1,814.67,794.2,-215.26,-198.48,-169.39,761.01
2018-06-27 17:05:00,1,902.17,800.58,-146.0,-143.19,-119.82,817.06
2018-06-27 17:10:00,1,877.65,798.44,-148.14,-147.05,-123.08,809.64
2018-06-27 17:15:00,1,858.87,797.31,-147.81,-151.9,-121.93,808.89
2018-06-27 18:05:00,1,889.45,829.46,-170.62,-164.67,-129.68,857.53
2018-06-27 18:10:00,1,874.11,840.89,-167.1,-163.1,-125.14,855.67
2018-06-28 13:00:00,1,849.06,845.42,-162.59,-167.75,-125.5,854.46
2018-06-28 13:05:00,1,840.44,834.96,-162.8,-163.33,-123.96,846.08
2018-06-30 11:30:00,1,900.4,848.22,-265.82,-257.25,-206.4,860.03
2018-07-02 09:30:00,1,872.97,840.66,-277.06,-261.53,-219.65,851.72
2018-07-02 09:55:00,1,875.11,822.17,-296.48,-288.99,-238.34,822.49
2018-07-02 10:00:00,1,842.74,814.95,-245.82,-234.23,-197.85,832.64
2018-07-02 13:15:00,1,860.98,858.17,-273.28,-254.59,-216.18,873.03
2018-07-02 14:25:00,1,864.61,832.2,-267.38,-250.65,-210.83,857.21
2018-07-02 14:30:00,1,851.1,841.74,-273.72,-250.87,-213.69,859.5
2018-07-04 20:25:00,1,793.18,808.99,-215.26,-198.48,-169.39,833.2
2018-07-10 15:00:00,1,831.67,813.73,-166.27,-172.28,-154.25,913.18
2018-07-10 16:30:00,1,854.39,831.65,-158.02,-167.13,-134.7,850.56
2018-07-10 16:35:00,1,848.31,841.78,-152.1,-162.79,-126.62,861.37
2018-07-13 14:25:00,1,892.83,835.25,-263.39,-258.13,-201.8,847.49
2018-07-13 20:20:00,1,809.34,803.06,-215.26,-198.48,-169.39,810.92
2018-07-13 20:25:00,1,792.02,793.1,-215.26,-198.48,-169.39,773.49
2018-07-13 21:25:00,1,820.76,775.27,-215.26,-33.91,-169.39,776.76
2018-07-14 17:10:00,1,875.01,845.04,-272.1,-272.41,-214.24,845.76
2018-07-14 18:45:00,1,896.33,835.92,-273.16,-273.66,-216.25,840.56
2018-07-17 00:30:00,1,848.14,900.84,-252.94,-257.8,-200.24,869.0
2018-07-30 00:35:00,1,794.67,814.3,-215.26,-198.48,-169.39,793.41
2018-07-30 00:40:00,1,790.12,808.52,-215.26,-198.48,-169.39,793.07
2018-08-01 00:10:00,1,801.74,941.83,-213.93,-222.96,-170.85,806.36
2018-08-04 04:10:00,1,845.55,846.2,-275.13,-259.88,-214.88,863.69
2018-08-04 04:45:00,1,814.73,821.92,-144.94,-150.02,-110.13,818.96
2018-08-05 12:55:00,1,853.22,861.44,-268.85,-248.67,-215.46,869.35
2018-08-05 16:55:00,1,846.41,846.9,-262.96,-254.15,-212.22,858.21
2018-08-06 16:45:00,1,882.34,799.21,-69.11,-198.48,-169.39,801.5
2018-08-07 18:45:00,1,855.84,853.51,-270.35,-260.03,-213.78,881.23
2018-08-07 23:50:00,1,856.31,842.05,-267.89,-254.83,-213.82,887.51
2018-08-08 00:10:00,1,849.52,836.92,-264.7,-252.89,-209.76,870.7
2018-08-09 01:10:00,1,851.42,839.82,-272.85,-259.33,-218.37,880.92
2018-08-12 18:15:00,1,823.97,824.56,-144.29,-153.37,-115.11,851.74
2018-08-12 18:30:00,1,826.52,836.49,-144.76,-150.25,-116.09,850.55
2018-08-13 09:55:00,1,848.5,839.26,-172.16,-157.16,-141.18,865.19
2018-08-13 11:20:00,1,843.26,830.22,-173.28,-149.82,-139.54,875.01
2018-08-13 12:20:00,1,845.17,835.57,-177.7,-147.14,-142.4,876.96
2018-08-14 06:55:00,1,856.06,845.32,-278.86,-226.9,-237.07,847.93
2018-08-14 10:35:00,1,851.03,851.2,-273.15,-241.24,-222.42,881.51
2018-08-14 12:20:00,1,836.55,824.17,-255.62,-233.15,-216.03,854.89
2018-08-14 12:25:00,1,842.97,825.58,-252.27,-248.12,-215.5,879.58
2018-08-14 13:30:00,1,867.14,868.73,-267.09,-240.47,-219.43,858.15
2018-08-14 13:50:00,1,850.14,851.12,-263.81,-240.28,-217.14,856.63
2018-08-14 14:15:00,1,850.43,850.33,-263.3,-233.45,-215.29,874.34
2018-08-15 20:40:00,1,863.96,824.48,-271.66,-259.37,-215.54,888.68
2018-08-15 23:10:00,1,853.39,819.3,-266.92,-254.05,-210.46,869.6
2018-08-16 02:20:00,1,851.66,816.07,-266.93,-251.17,-211.98,875.98
2018-08-16 02:25:00,1,857.19,819.27,-267.22,-254.44,-209.3,898.06
2018-08-16 02:45:00,1,855.3,824.45,-270.63,-254.87,-214.29,882.15
2018-08-16 02:55:00,1,855.2,825.88,-277.03,-264.15,-219.63,885.94
2018-08-16 03:00:00,1,851.97,825.75,-272.37,-264.73,-214.15,885.36
2018-08-16 03:10:00,1,857.11,837.06,-277.3,-262.33,-219.07,877.24
2018-08-16 03:15:00,1,850.21,828.03,-272.57,-244.39,-214.33,885.87
2018-08-16 03:30:00,1,854.75,840.74,-272.97,-256.3,-210.93,879.52
2018-08-16 03:50:00,1,848.8,836.73,-272.37,-266.18,-216.72,876.35
2018-08-16 04:10:00,1,836.71,814.44,-276.3,-269.19,-219.67,861.08
2018-08-16 05:10:00,1,855.27,813.37,-276.68,-259.55,-222.34,874.18
2018-08-16 05:15:00,1,863.09,825.12,-277.05,-258.45,-221.13,887.47
2018-08-16 05:20:00,1,858.56,830.55,-274.98,-260.71,-222.2,880.45
2018-08-16 05:25:00,1,850.45,828.51,-277.1,-264.76,-218.52,871.58
2018-08-16 05:30:00,1,856.41,832.04,-274.85,-256.03,-215.8,885.15
2018-08-16 05:40:00,1,861.76,832.15,-276.23,-261.42,-220.51,881.58
2018-08-16 06:00:00,1,849.05,819.63,-282.2,-261.47,-224.75,871.52
2018-08-16 06:25:00,1,847.65,823.86,-282.58,-260.12,-224.81,889.56
2018-08-16 06:30:00,1,843.96,820.43,-276.79,-269.72,-218.88,863.46
2018-08-16 07:55:00,1,855.31,819.93,-264.78,-249.32,-211.13,880.25
2018-08-16 08:00:00,1,849.12,813.22,-266.16,-248.31,-210.77,859.96
2018-08-16 08:05:00,1,843.86,804.04,-268.33,-254.05,-214.27,848.64
2018-08-16 12:15:00,1,881.76,839.16,-270.33,-132.66,-214.05,893.49
2018-08-16 15:35:00,1,895.29,853.37,-267.09,-169.1,-209.75,798.26
2018-08-17 02:35:00,1,853.66,819.35,-266.82,-242.97,-213.18,860.91
2018-08-17 02:45:00,1,851.78,816.25,-264.45,-244.79,-209.61,859.46
2018-08-17 02:50:00,1,851.41,815.27,-272.56,-254.85,-218.52,858.98
2018-08-17 03:00:00,1,853.92,814.2,-276.35,-252.79,-218.1,859.88
2018-08-17 03:05:00,1,854.18,815.8,-274.6,-254.75,-213.03,860.19
2018-08-17 03:20:00,1,854.1,816.7,-279.5,-255.13,-220.23,860.74
2018-08-17 03:25:00,1,853.34,816.84,-277.92,-256.41,-219.09,860.48
2018-08-17 03:30:00,1,853.25,817.47,-273.7,-259.28,-215.9,858.12
2018-08-17 03:45:00,1,864.12,828.39,-277.22,-260.59,-221.1,876.02
2018-08-17 04:35:00,1,861.81,824.97,-272.82,-250.45,-215.06,885.58
2018-08-17 04:40:00,1,848.36,809.47,-271.59,-240.38,-212.75,857.82
2018-08-17 04:45:00,1,847.53,805.4,-262.91,-239.99,-207.54,854.64
2018-08-17 08:05:00,1,867.54,819.09,-282.18,-254.38,-220.22,889.12
2018-08-17 08:10:00,1,877.16,817.93,-275.3,-255.41,-212.52,888.63
2018-08-17 08:50:00,1,874.51,819.68,-271.95,-254.06,-211.74,892.77
2018-08-17 10:05:00,1,873.25,818.77,-277.39,-253.94,-215.51,896.23
2018-08-17 12:25:00,1,874.84,820.15,-272.67,-256.97,-218.34,891.92
2018-08-17 12:35:00,1,868.35,825.68,-269.22,-252.08,-211.94,906.46
2018-08-17 12:40:00,1,869.57,823.73,-269.47,-250.32,-213.51,890.08
2018-08-18 00:15:00,1,838.15,809.16,-246.9,-237.06,-197.94,858.3
2018-08-18 00:20:00,1,837.02,807.73,-250.62,-235.04,-198.86,861.35
2018-08-19 04:40:00,1,848.59,841.92,-267.88,-245.37,-214.74,878.57
2018-08-19 05:20:00,1,855.31,847.51,-269.91,-246.99,-215.7,873.21
2018-08-19 05:25:00,1,847.98,840.77,-259.23,-254.65,-211.02,872.48
2018-08-19 07:20:00,1,850.89,853.4,-265.53,-256.01,-215.64,884.59
2018-08-19 07:25:00,1,850.12,847.63,-268.18,-250.41,-213.76,883.45
2018-08-19 08:15:00,1,851.47,857.81,-262.13,-250.86,-212.73,883.89
2018-08-19 09:15:00,1,841.13,848.29,-266.63,-248.05,-219.65,858.75
2018-08-20 14:55:00,1,826.22,819.93,-214.21,-132.36,-174.89,834.35
2018-08-21 02:45:00,1,834.28,851.19,-266.13,-252.35,-208.11,857.66
2018-08-21 02:50:00,1,833.5,846.82,-260.07,-246.46,-205.36,862.9
2018-08-21 08:10:00,1,866.6,882.65,-276.37,-257.29,-217.94,825.76
2018-08-21 14:15:00,1,810.2,824.03,-268.88,-253.2,-229.57,835.16
2018-08-21 14:20:00,1,810.7,817.06,-250.87,-229.88,-204.38,835.08
2018-08-22 18:30:00,1,793.18,785.79,-215.26,-198.48,-169.39,788.52
2018-08-23 02:20:00,1,815.85,839.04,-171.06,-187.0,-140.25,818.78
2018-08-23 08:45:00,1,837.66,845.85,-276.42,-244.98,-222.65,892.41
2018-08-23 13:20:00,1,864.53,854.86,-286.66,-264.09,-228.43,792.76
2018-08-23 15:50:00,1,876.39,848.71,-283.15,-257.47,-230.63,823.2
2018-08-23 16:45:00,1,843.79,836.09,-274.94,-242.49,-217.07,906.67
2018-08-23 16:50:00,1,840.19,830.2,-274.5,-250.24,-218.78,900.78
2018-08-23 21:35:00,1,855.45,824.32,-270.55,-250.11,-217.23,904.93
2018-08-23 21:55:00,1,848.42,825.08,-266.58,-248.57,-208.33,901.96
2018-08-23 22:00:00,1,847.0,822.29,-263.71,-246.91,-206.93,895.22
2018-08-23 22:05:00,1,849.08,822.25,-264.29,-245.67,-210.44,896.08
2018-08-24 17:40:00,1,839.65,819.31,-257.46,-242.65,-211.68,879.33
2018-08-24 17:45:00,1,842.66,817.19,-261.4,-238.99,-206.43,872.33
2018-08-24 19:25:00,1,848.97,829.93,-259.47,-257.09,-207.81,904.73
2018-08-24 19:30:00,1,846.86,824.43,-265.87,-253.16,-212.96,891.44
2018-08-25 07:40:00,1,845.02,841.13,-277.88,-245.3,-210.81,903.46
2018-08-25 14:50:00,1,863.11,833.17,-272.9,-196.85,-213.91,911.3
2018-08-25 22:30:00,1,831.8,833.92,-290.45,-245.09,-234.26,885.69
2018-08-26 05:15:00,1,880.94,837.55,-263.55,-132.52,-206.52,964.71
2018-08-26 05:25:00,1,871.43,833.81,-259.1,-132.52,-202.84,937.34
2018-08-26 05:35:00,1,876.59,832.55,-261.73,-132.52,-201.45,947.78
2018-08-26 08:35:00,1,850.3,818.51,-258.97,-262.6,-199.26,902.65
2018-08-26 09:00:00,1,855.88,821.94,-263.81,-267.89,-210.23,911.52
2018-08-26 10:10:00,1,854.57,831.96,-260.59,-270.27,-206.39,907.69
2018-08-26 15:30:00,1,858.82,821.23,-263.57,-271.4,-203.05,910.04
2018-08-26 15:35:00,1,860.5,819.2,-261.28,-268.25,-206.46,910.3
2018-08-26 16:05:00,1,852.62,818.66,-258.91,-272.4,-203.01,897.0
2018-08-26 16:15:00,1,842.61,814.84,-251.41,-258.89,-195.12,878.24
2018-08-26 16:20:00,1,845.86,814.06,-255.2,-263.9,-197.97,884.29
2018-08-26 18:45:00,1,849.41,822.81,-271.57,-278.4,-212.78,894.9
2018-08-26 19:40:00,1,850.89,821.74,-265.7,-274.91,-207.21,907.58
2018-08-26 19:45:00,1,849.81,817.29,-265.22,-279.18,-209.56,901.52
2018-08-26 19:50:00,1,848.37,814.55,-269.57,-269.18,-205.64,892.63
2018-08-26 21:35:00,1,858.01,824.17,-266.48,-267.46,-209.41,908.19
2018-08-27 04:00:00,1,858.74,824.1,-273.51,-233.19,-215.99,915.83
2018-08-27 07:55:00,1,834.68,819.16,-268.22,-259.33,-208.52,868.64
2018-08-27 08:00:00,1,836.56,814.82,-260.89,-255.57,-205.02,893.23
2018-08-27 13:15:00,1,883.68,847.47,-262.66,-142.89,-206.58,967.85
2018-08-27 21:55:00,1,885.68,842.53,-271.21,-166.83,-214.1,937.68
2018-08-27 22:20:00,1,872.21,834.83,-271.21,-171.86,-209.93,937.64
2018-08-27 22:40:00,1,866.48,838.1,-279.47,-190.58,-219.52,910.62
2018-08-27 22:55:00,1,860.74,836.84,-274.92,-228.56,-215.32,891.78
2018-08-28 00:10:00,1,847.26,834.93,-268.45,-225.22,-211.7,885.16
2018-08-28 00:15:00,1,833.42,818.92,-272.23,-229.54,-216.94,865.66
2018-08-28 00:20:00,1,841.6,818.34,-277.61,-224.13,-217.9,903.43
2018-08-28 00:30:00,1,856.9,828.47,-271.98,-233.33,-215.02,867.2
2018-08-28 00:40:00,1,861.21,827.71,-269.18,-235.1,-216.46,865.69
2018-08-28 01:20:00,1,860.35,822.0,-272.48,-230.37,-215.12,912.55
2018-08-28 01:50:00,1,858.86,834.63,-266.05,-210.94,-215.98,859.81
2018-08-28 02:20:00,1,863.04,839.22,-272.13,-211.35,-219.66,921.64
2018-08-28 02:25:00,1,850.33,832.66,-280.5,-220.21,-224.46,888.7
2018-08-28 02:30:00,1,840.17,822.62,-280.92,-221.76,-222.58,871.08
2018-08-28 02:35:00,1,842.31,822.92,-283.74,-221.9,-228.46,885.43
2018-08-28 02:40:00,1,844.25,824.25,-278.33,-215.11,-221.78,876.91
2018-08-28 03:20:00,1,842.18,827.98,-280.05,-216.8,-219.1,888.46
2018-08-28 03:25:00,1,845.92,826.74,-280.62,-217.92,-221.76,890.0
2018-08-28 03:45:00,1,853.13,829.43,-283.71,-228.69,-227.42,862.05
2018-08-28 03:55:00,1,861.37,833.26,-279.23,-212.21,-226.35,864.99
2018-08-28 04:00:00,1,856.49,824.18,-267.68,-171.52,-213.5,926.35
2018-08-28 04:20:00,1,839.1,821.05,-269.62,-249.3,-214.9,875.65
2018-08-28 04:25:00,1,838.19,816.52,-264.45,-238.48,-209.34,878.54
2018-08-28 05:35:00,1,852.48,835.79,-272.85,-198.06,-212.86,919.15
2018-08-28 05:55:00,1,845.73,834.17,-279.95,-235.97,-218.32,891.95
2018-08-28 06:40:00,1,850.32,836.16,-273.18,-193.6,-213.48,906.25
2018-08-28 06:45:00,1,847.11,832.37,-286.78,-206.23,-226.65,894.17
2018-08-28 06:50:00,1,842.95,827.43,-272.93,-199.25,-213.22,895.47
2018-08-28 06:55:00,1,846.95,828.09,-280.74,-205.02,-217.84,906.73
2018-08-28 08:00:00,1,846.19,832.23,-279.27,-213.92,-217.47,860.39
2018-08-28 08:50:00,1,874.78,841.2,-272.53,-210.77,-214.27,910.53
2018-08-28 09:00:00,1,875.89,834.29,-272.75,-192.27,-216.56,891.77
2018-08-28 09:05:00,1,873.36,824.0,-273.7,-199.13,-215.48,924.52
2018-08-28 09:15:00,1,869.23,824.03,-269.16,-192.13,-216.42,916.2
2018-08-28 11:25:00,1,865.31,830.66,-281.48,-152.35,-228.25,873.65
2018-08-28 11:35:00,1,851.37,815.58,-286.51,-150.88,-229.88,897.55
2018-08-28 19:15:00,1,862.17,839.15,-272.65,-219.4,-218.03,879.3
2018-08-28 20:45:00,1,867.97,834.58,-274.52,-208.21,-218.5,873.99
2018-08-28 21:05:00,1,866.37,831.35,-282.98,-207.05,-224.19,866.63
2018-08-28 21:15:00,1,875.76,835.4,-274.39,-179.88,-220.54,886.95
2018-09-03 03:35:00,1,849.98,840.07,-166.54,-178.24,-140.17,848.11
2018-09-03 04:25:00,1,836.86,832.76,-157.4,-164.33,-126.54,846.9
2018-09-03 05:55:00,1,840.31,831.6,-158.69,-180.54,-124.2,862.96
2018-09-03 06:00:00,1,836.56,826.74,-167.0,-188.31,-134.85,858.74
2018-09-03 06:20:00,1,832.57,821.18,-174.64,-201.53,-141.2,850.8
2018-09-03 06:25:00,1,828.68,816.29,-171.57,-193.45,-141.24,846.48
2018-09-03 06:35:00,1,825.06,809.31,-177.91,-194.79,-142.96,841.61
2018-09-03 07:10:00,1,834.38,822.75,-226.88,-250.53,-193.79,846.6
2018-09-03 07:15:00,1,829.18,810.61,-237.22,-261.87,-201.77,838.98
2018-09-03 07:25:00,1,827.09,799.85,-249.05,-273.94,-204.12,838.13
2018-09-03 07:30:00,1,828.0,805.95,-235.75,-258.8,-192.28,842.26
2018-09-03 07:35:00,1,827.02,806.23,-244.43,-275.13,-206.97,837.84
2018-09-03 07:40:00,1,825.7,804.45,-244.39,-266.31,-203.12,837.82
2018-09-03 07:45:00,1,826.08,804.64,-236.87,-262.34,-191.43,839.22
2018-09-03 07:50:00,1,827.25,806.42,-231.08,-259.5,-192.28,838.64
2018-09-03 07:55:00,1,824.39,805.54,-180.5,-211.74,-147.44,835.63
2018-09-04 02:10:00,1,844.86,829.41,-234.52,-262.02,-208.85,870.2
2018-09-05 04:20:00,1,850.8,836.09,-249.24,-241.53,-216.46,878.78
2018-09-05 05:35:00,1,821.17,845.78,-179.38,-169.56,-149.15,816.99
2018-09-05 10:45:00,1,856.73,842.66,-248.31,-156.12,-216.25,906.23
2018-09-05 10:50:00,1,842.61,834.26,-249.8,-144.8,-214.01,876.31
2018-09-05 10:55:00,1,848.81,828.77,-229.61,-135.05,-196.69,905.39
2018-09-05 21:00:00,1,845.64,835.21,-244.79,-259.31,-210.68,861.56
2018-09-05 21:05:00,1,845.29,827.63,-245.9,-259.65,-216.17,871.23
2018-09-05 21:10:00,1,853.61,827.58,-247.84,-265.21,-215.79,892.47
2018-09-06 16:05:00,1,929.78,862.26,-248.59,-285.98,-205.91,830.1
2018-09-06 22:50:00,1,818.68,816.47,-177.01,-186.27,-144.76,853.64
2018-09-06 22:55:00,1,821.25,801.36,-173.84,-191.68,-146.95,840.23
2018-09-06 23:00:00,1,820.58,794.22,-174.76,-187.34,-141.63,839.84
2018-09-07 00:55:00,1,814.66,821.15,-165.92,-184.54,-140.44,847.67
2018-09-07 01:00:00,1,811.2,796.9,-167.94,-183.78,-137.89,830.64
2018-09-07 01:05:00,1,814.84,783.9,-165.86,-181.19,-141.84,827.75
2018-09-07 01:10:00,1,809.96,779.35,-153.1,-169.18,-125.83,823.11
2018-09-08 06:40:00,1,843.54,833.48,-242.87,-258.73,-192.14,948.7
2018-09-09 20:20:00,1,845.03,808.79,-249.52,-263.4,-205.3,873.48
2018-09-11 00:15:00,1,847.76,813.52,-251.91,-258.57,-204.53,890.34
2018-09-13 18:40:00,1,837.22,803.87,-216.34,-134.38,-175.7,897.9
2018-09-13 18:55:00,1,828.27,792.65,-222.76,-145.42,-178.75,871.35
2018-09-14 17:10:00,1,849.02,824.29,-236.77,-255.9,-192.34,966.89
2018-09-15 00:15:00,1,843.45,813.46,-232.54,-250.07,-195.59,922.32
2018-09-15 01:00:00,1,844.37,816.63,-231.77,-244.27,-189.08,939.96
2018-09-15 03:35:00,1,845.59,829.42,-240.25,-248.28,-198.74,935.02
2018-09-17 19:05:00,1,807.84,778.39,-107.55,-133.59,-111.07,827.1
2018-09-17 19:25:00,1,824.79,793.57,-140.22,-143.04,-132.05,867.84
2018-09-17 19:30:00,1,812.75,787.05,-133.67,-144.17,-122.1,843.56
2018-09-17 21:00:00,1,831.36,827.99,-165.48,-167.59,-145.82,853.47
2018-09-17 21:05:00,1,829.8,814.17,-166.46,-170.7,-140.07,875.71
2018-09-18 15:50:00,1,792.51,819.56,-231.44,-182.15,-192.91,857.86
2018-09-18 16:00:00,1,797.89,818.24,-222.73,-154.02,-184.92,864.17
2018-09-18 17:10:00,1,826.03,849.77,-235.42,-177.44,-199.0,938.34
2018-09-18 17:15:00,1,841.98,849.93,-230.86,-167.07,-195.56,982.1
2018-09-18 23:00:00,1,813.06,852.69,-215.36,-155.57,-178.51,957.45
2018-09-19 06:40:00,1,882.34,828.05,-149.95,-166.57,-131.11,847.57
2018-09-19 07:45:00,1,820.0,824.9,-197.73,-148.77,-171.36,865.62
2018-09-19 08:05:00,1,820.0,819.3,-195.15,-129.48,-169.95,855.4
2018-09-19 08:10:00,1,820.0,824.08,-198.78,-129.51,-172.44,888.51
2018-09-19 08:20:00,1,820.0,818.02,-199.24,-138.21,-172.07,857.31
2018-09-19 08:40:00,1,820.0,815.49,-200.39,-125.28,-173.85,870.02
2018-09-19 08:45:00,1,820.0,815.31,-210.67,-154.94,-184.13,876.83
2018-09-19 09:05:00,1,820.0,821.12,-209.61,-134.32,-179.64,892.83
2018-09-19 09:20:00,1,820.0,823.23,-204.76,-125.42,-176.45,891.45
2018-09-19 09:25:00,1,820.0,816.82,-206.76,-126.4,-178.24,864.45
2018-09-19 09:30:00,1,820.0,817.78,-206.42,-152.74,-182.07,878.2
2018-09-19 10:20:00,1,820.0,818.67,-195.1,-159.28,-168.81,859.33
2018-09-19 10:25:00,1,820.0,817.64,-199.65,-163.73,-172.5,862.57
2018-09-19 10:30:00,1,820.0,819.93,-201.94,-142.01,-175.16,874.28
2018-09-19 10:45:00,1,820.0,815.57,-202.23,-152.81,-172.25,856.07
2018-09-19 10:55:00,1,820.0,827.0,-201.13,-135.74,-172.87,872.34
2018-09-19 11:40:00,1,820.0,819.64,-202.81,-149.32,-174.09,858.71
2018-09-19 11:45:00,1,820.0,815.11,-196.74,-148.86,-167.89,855.32
2018-09-19 12:05:00,1,820.0,814.48,-197.78,-118.17,-168.04,854.24
2018-09-19 12:10:00,1,820.0,816.45,-189.99,-162.91,-164.29,866.12
2018-09-19 12:15:00,1,820.0,825.2,-200.34,-130.09,-173.45,908.2
2018-09-19 12:20:00,1,820.0,821.27,-190.93,-121.99,-161.04,854.42
2018-09-19 12:25:00,1,820.0,820.57,-190.77,-126.73,-162.15,864.48
2018-09-19 12:30:00,1,820.0,821.93,-192.89,-138.96,-166.38,869.5
2018-09-19 16:15:00,1,820.0,827.18,-195.3,-112.16,-155.79,837.87
2018-09-19 16:20:00,1,820.0,817.26,-191.37,-129.55,-154.36,844.7
2018-09-19 16:25:00,1,820.0,817.41,-183.99,-109.94,-147.81,853.58
2018-09-19 16:50:00,1,820.0,808.5,-191.97,-115.28,-153.25,841.81
2018-09-19 16:55:00,1,820.0,813.85,-197.57,-107.3,-156.5,876.27
2018-09-19 17:10:00,1,820.0,827.81,-203.87,-120.63,-165.75,874.98
2018-09-19 19:05:00,1,837.86,824.92,-196.12,-130.15,-155.56,868.24
2018-09-19 19:30:00,1,851.23,819.65,-182.52,-143.38,-144.98,883.79
2018-09-19 20:20:00,1,846.54,811.12,-179.74,-144.79,-144.36,864.22
2018-09-19 20:35:00,1,846.4,813.23,-178.13,-141.91,-140.7,879.02
2018-09-19 20:40:00,1,845.42,811.87,-181.7,-150.85,-144.8,877.58
2018-09-19 21:15:00,1,847.37,820.42,-183.41,-134.55,-143.98,877.84
2018-09-19 23:20:00,1,841.2,814.95,-188.27,-141.51,-150.44,869.35
2018-09-20 23:45:00,1,833.65,816.57,-265.97,-240.1,-221.19,867.13
2018-09-20 23:50:00,1,842.56,811.5,-257.01,-234.67,-213.06,868.81
2018-09-21 00:20:00,1,819.06,809.53,-231.27,-205.82,-190.85,848.81
2018-09-21 00:25:00,1,816.06,803.28,-214.58,-200.4,-178.83,837.92
2018-09-21 00:30:00,1,819.11,799.96,-193.11,-167.93,-163.66,839.81
2018-09-21 01:10:00,1,822.66,802.3,-193.53,-174.73,-162.17,842.43
2018-09-21 01:20:00,1,819.33,796.22,-198.47,-156.28,-167.05,837.54
2018-09-21 01:25:00,1,821.52,796.01,-183.46,-169.12,-154.51,838.26
2018-09-21 01:30:00,1,825.47,798.29,-188.51,-175.25,-156.46,841.5
2018-09-21 01:35:00,1,833.75,801.93,-178.42,-169.67,-147.88,848.0
2018-09-21 01:40:00,1,827.83,802.93,-181.4,-168.71,-151.99,847.91
2018-09-21 01:45:00,1,830.93,803.27,-180.44,-163.94,-147.26,849.17
2018-09-21 01:50:00,1,825.69,802.52,-185.83,-171.56,-153.05,843.3
2018-09-21 01:55:00,1,853.22,807.97,-179.91,-142.19,-149.24,868.12
2018-09-21 02:00:00,1,832.61,810.0,-179.92,-172.08,-150.85,856.17
2018-09-21 02:05:00,1,838.68,811.05,-179.36,-151.11,-148.44,854.82
2018-09-21 02:30:00,1,840.77,815.19,-180.72,-138.5,-151.84,867.67
2018-09-21 02:35:00,1,828.26,808.09,-181.72,-170.58,-153.51,850.7
2018-09-21 02:40:00,1,828.56,801.85,-176.34,-146.11,-144.73,845.4
2018-09-21 02:45:00,1,828.02,800.51,-181.74,-168.85,-150.78,847.2
2018-09-21 02:50:00,1,840.92,801.95,-184.32,-155.99,-154.76,860.09
2018-09-21 02:55:00,1,833.5,799.78,-176.21,-135.54,-145.87,851.41
2018-09-21 03:00:00,1,843.08,805.2,-183.58,-152.42,-152.17,864.3
2018-09-21 03:05:00,1,839.16,801.01,-176.17,-134.2,-145.25,852.24
2018-09-21 03:10:00,1,841.94,800.32,-180.26,-159.03,-149.24,857.21
2018-09-21 03:25:00,1,842.6,799.96,-182.81,-144.0,-152.28,895.41
2018-09-21 03:35:00,1,836.93,797.31,-172.14,-148.09,-144.24,850.47
2018-09-21 03:40:00,1,836.45,796.81,-180.63,-165.34,-151.39,847.71
2018-09-21 03:45:00,1,831.02,794.4,-186.68,-129.53,-155.86,842.31
2018-09-21 03:50:00,1,835.5,794.46,-186.8,-130.7,-157.66,846.0
2018-09-21 03:55:00,1,835.49,794.57,-183.82,-152.11,-154.03,846.26
2018-09-21 04:00:00,1,838.25,796.35,-180.9,-143.45,-149.08,895.12
2018-09-21 04:05:00,1,836.44,795.45,-182.72,-134.0,-151.09,846.98
2018-09-21 04:10:00,1,832.62,793.27,-182.4,-127.39,-152.04,843.32
2018-09-21 04:15:00,1,833.61,791.39,-178.6,-137.58,-146.46,842.69
2018-09-21 04:20:00,1,834.49,791.06,-186.53,-153.76,-154.54,844.74
2018-09-21 04:25:00,1,837.83,791.53,-176.33,-157.71,-147.16,844.88
2018-09-21 04:30:00,1,838.44,791.61,-182.82,-162.89,-154.27,845.72
2018-09-21 04:35:00,1,840.94,790.88,-180.33,-151.45,-152.08,843.58
2018-09-21 04:40:00,1,843.01,791.06,-185.77,-144.36,-156.15,845.04
2018-09-21 04:55:00,1,844.84,795.65,-179.38,-121.44,-151.52,849.34
2018-09-21 05:05:00,1,855.74,797.73,-184.47,-142.12,-151.32,862.64
2018-09-21 05:30:00,1,849.26,803.5,-178.42,-146.71,-154.16,862.42
2018-09-21 05:45:00,1,862.15,806.88,-171.4,-153.16,-143.91,874.74
2018-09-21 06:05:00,1,856.98,817.82,-171.58,-146.44,-142.68,868.88
2018-09-21 09:35:00,1,828.43,803.32,-208.05,-167.08,-178.36,850.51
2018-09-21 09:40:00,1,833.1,802.23,-211.05,-165.91,-176.09,853.05
2018-09-21 09:45:00,1,838.66,802.48,-207.79,-140.26,-177.7,859.87
2018-09-21 09:55:00,1,836.35,802.93,-209.65,-107.53,-177.72,854.6
2018-09-21 10:20:00,1,837.54,805.47,-215.64,-137.13,-183.28,854.0
2018-09-21 10:25:00,1,852.5,805.44,-221.04,-148.31,-188.49,862.62
2018-09-21 10:30:00,1,845.23,805.04,-210.69,-112.03,-178.65,866.54
2018-09-21 10:45:00,1,843.44,804.69,-207.92,-133.27,-172.82,863.65
2018-09-21 19:55:00,1,842.92,804.84,-233.86,-235.23,-192.54,847.33
2018-09-22 10:40:00,1,876.61,794.52,-152.59,-167.17,-135.27,871.33
2018-09-22 10:55:00,1,860.84,807.89,-163.71,-178.86,-134.25,869.47
2018-09-25 13:15:00,1,800.4,798.26,-166.96,-180.62,-140.83,821.94
2018-09-25 13:20:00,1,819.22,800.16,-160.53,-173.29,-132.47,830.7
2018-09-25 13:25:00,1,824.43,796.64,-134.84,-152.89,-108.65,836.1
2018-09-25 13:30:00,1,827.0,802.97,-145.7,-165.76,-127.73,844.38
2018-09-25 13:35:00,1,812.89,794.57,-148.73,-162.01,-126.88,826.38
2018-09-25 13:40:00,1,811.83,793.14,-145.89,-167.23,-119.82,821.69
2018-09-25 13:45:00,1,812.91,792.83,-142.4,-162.76,-123.57,822.33
2018-09-25 13:50:00,1,812.98,793.18,-144.38,-161.42,-124.79,822.98
2018-09-25 13:55:00,1,814.15,793.51,-141.19,-158.28,-116.95,823.06
2018-09-25 14:00:00,1,816.2,792.8,-141.23,-167.77,-122.93,824.29
2018-09-25 14:05:00,1,803.5,785.59,-128.42,-148.94,-109.45,818.0
2018-09-25 14:10:00,1,798.12,778.25,-124.19,-143.86,-111.28,811.55
2018-09-25 14:15:00,1,798.69,775.56,-122.69,-140.22,-103.38,807.66
2018-09-25 14:20:00,1,796.84,772.2,-116.28,-142.21,-102.91,805.62
2018-09-25 14:25:00,1,795.3,771.87,-106.24,-123.9,-93.96,801.91
2018-09-25 14:35:00,1,805.63,780.19,-110.27,-130.28,-94.92,808.93
2018-09-25 15:25:00,1,812.0,789.49,-215.26,-71.16,-169.39,830.74
2018-10-19 04:30:00,1,818.38,814.99,-150.07,-140.71,-130.46,840.98
2018-10-19 04:35:00,1,847.92,825.21,-160.31,-148.59,-139.71,870.31
2018-10-19 06:55:00,1,834.41,836.01,-156.77,-149.73,-130.81,861.57
2018-10-19 07:00:00,1,826.03,824.07,-159.16,-148.5,-127.98,844.51
2018-10-19 07:05:00,1,835.29,816.82,-148.3,-140.72,-119.4,843.56
2018-10-19 18:35:00,1,854.83,826.91,-156.89,-149.81,-131.55,860.67
2018-10-19 18:40:00,1,849.13,818.88,-172.5,-158.77,-140.38,851.2
2018-10-23 10:30:00,1,799.51,787.44,-215.26,-198.48,-169.39,788.85
2018-10-23 16:30:00,1,828.69,772.21,-137.58,-139.08,-130.74,843.44
2018-10-25 17:25:00,1,811.98,791.02,-215.26,-63.9,-169.39,817.96
2018-10-28 20:20:00,1,864.6,823.4,-267.56,-255.11,-214.79,882.59
2018-10-28 20:30:00,1,859.85,813.23,-269.33,-243.2,-219.13,869.05
2018-10-28 20:50:00,1,869.21,815.13,-277.15,-257.64,-223.8,875.57
2018-10-28 20:55:00,1,859.41,810.97,-267.67,-252.99,-213.5,868.04
2018-10-28 21:00:00,1,859.27,808.49,-268.63,-251.17,-212.33,857.71
2018-10-28 21:05:00,1,862.23,814.43,-267.78,-249.46,-211.79,869.41
2018-10-28 21:20:00,1,864.49,818.85,-265.49,-252.01,-214.01,877.44
2018-10-28 21:30:00,1,864.14,814.63,-263.31,-255.78,-210.65,869.57
2018-10-28 21:40:00,1,858.92,809.91,-260.84,-254.56,-206.36,859.49
2018-10-28 21:45:00,1,860.15,809.33,-263.54,-246.34,-211.89,860.35
2018-10-28 21:50:00,1,858.91,808.91,-257.94,-248.23,-210.5,854.9
2018-10-28 21:55:00,1,861.7,811.49,-262.83,-247.99,-212.83,860.64
2018-10-28 22:00:00,1,859.76,811.49,-264.58,-261.29,-219.27,861.46
2018-10-28 22:05:00,1,855.63,809.07,-264.71,-246.06,-224.61,854.13
2018-10-28 22:10:00,1,857.08,808.6,-264.45,-251.8,-217.91,853.21
2018-10-28 22:15:00,1,856.95,808.42,-260.61,-245.41,-211.7,852.2
2018-10-28 22:20:00,1,858.45,810.1,-272.23,-252.9,-222.23,853.89
2018-10-28 22:25:00,1,867.54,814.31,-263.58,-250.16,-213.32,862.67
2018-10-28 22:30:00,1,871.37,823.37,-270.51,-260.33,-225.05,880.4
2018-10-28 22:35:00,1,863.35,817.36,-263.79,-254.6,-215.03,865.09
2018-10-28 22:40:00,1,863.94,814.33,-265.64,-258.67,-217.88,862.02
2018-10-28 22:45:00,1,865.38,813.91,-273.48,-249.1,-220.51,864.79
2018-10-28 22:50:00,1,871.26,821.5,-264.23,-250.96,-215.63,881.6
2018-10-29 05:00:00,1,864.12,837.69,-267.91,-251.7,-219.07,896.63
2018-10-30 02:00:00,1,861.42,830.07,-269.07,-249.27,-219.73,898.22
2018-10-30 05:45:00,1,861.66,836.37,-267.9,-249.88,-219.31,886.19
2018-10-30 05:55:00,1,856.52,832.41,-266.84,-251.47,-220.29,877.22
2018-10-30 21:50:00,1,866.64,821.05,-267.79,-251.27,-219.38,905.32
2018-10-31 01:25:00,1,867.07,822.4,-264.47,-240.65,-214.11,909.91
2018-10-31 17:40:00,1,873.46,823.39,-267.07,-215.43,-221.16,928.64
2018-10-31 17:55:00,1,875.39,823.42,-261.85,-218.68,-215.19,934.32
2018-11-02 02:40:00,1,861.81,829.08,-267.43,-244.69,-218.77,898.67
2018-11-03 03:40:00,1,851.8,849.96,-265.63,-242.45,-215.16,892.83
2018-11-03 03:50:00,1,849.78,844.32,-267.05,-244.09,-218.27,889.66
2018-11-03 04:00:00,1,864.02,838.18,-271.24,-254.28,-219.62,887.15
2018-11-03 04:10:00,1,850.65,836.41,-267.82,-250.4,-217.52,890.17
2018-11-03 04:35:00,1,857.59,836.46,-269.76,-245.07,-218.19,884.4
2018-11-03 05:10:00,1,855.92,834.34,-265.12,-243.06,-214.93,880.29
2018-11-05 13:55:00,1,820.35,785.03,-131.32,-146.11,-105.84,845.36
2018-11-06 06:10:00,1,804.59,800.4,-118.74,-139.11,-97.04,826.79
2018-11-07 09:25:00,1,841.56,818.86,-254.67,-249.87,-198.97,863.0
2018-11-07 14:50:00,1,851.74,837.22,-267.42,-254.96,-217.17,880.59
2018-11-07 17:15:00,1,852.55,863.41,-262.1,-258.54,-211.11,883.62
2018-11-07 21:35:00,1,871.25,829.14,-268.35,-266.36,-214.91,874.84
2018-11-08 13:25:00,1,810.63,814.14,-133.4,-142.59,-103.91,799.93
2018-11-08 17:05:00,1,840.86,837.83,-259.06,-240.07,-212.63,859.04
2018-11-08 18:55:00,1,855.01,837.05,-275.3,-245.4,-223.82,861.9
2018-11-08 19:20:00,1,864.79,835.54,-268.94,-244.44,-218.83,866.59
2018-11-08 19:25:00,1,860.23,824.77,-268.44,-254.7,-212.11,859.51
2018-11-08 19:40:00,1,865.55,824.18,-269.44,-253.27,-215.77,864.13
2018-11-08 19:45:00,1,864.68,820.99,-272.42,-261.4,-216.33,860.66
2018-11-08 19:50:00,1,872.25,824.68,-277.63,-257.41,-220.49,870.8
2018-11-08 20:10:00,1,882.12,822.97,-275.1,-256.35,-217.41,884.32
2018-11-08 21:15:00,1,868.07,827.52,-269.63,-257.63,-214.77,868.86
2018-11-08 22:10:00,1,864.85,832.68,-278.27,-268.05,-212.93,867.78
2018-11-08 22:30:00,1,859.25,821.76,-276.55,-265.76,-221.85,862.09
2018-11-09 05:00:00,1,854.35,853.74,-270.03,-251.24,-214.64,876.11
2018-11-09 08:20:00,1,858.29,849.83,-272.24,-252.8,-214.78,875.87
2018-11-09 11:50:00,1,850.84,851.65,-264.73,-241.4,-219.33,880.91
2018-11-09 12:45:00,1,853.71,862.19,-262.94,-244.36,-216.26,876.33
2018-11-09 14:05:00,1,845.11,855.47,-264.55,-248.3,-218.59,866.87
2018-11-09 18:15:00,1,871.78,829.58,-275.72,-254.49,-226.91,879.17
2018-11-10 23:45:00,1,857.01,829.28,-266.44,-249.15,-216.35,870.22
2018-11-13 14:40:00,1,882.34,775.94,-215.26,-46.9,-169.39,775.27
2018-11-13 16:20:00,1,841.03,831.95,-173.08,-168.82,-138.4,850.47
2018-11-13 18:25:00,1,832.38,836.23,-152.61,-147.16,-127.96,852.47
2018-11-15 16:40:00,1,845.31,831.57,-257.83,-242.07,-218.46,856.21
2018-11-15 16:45:00,1,838.75,824.46,-269.48,-251.86,-229.66,846.63
2018-11-15 16:50:00,1,837.3,819.06,-256.62,-237.75,-217.42,841.44
2018-11-15 16:55:00,1,837.99,813.83,-255.2,-232.37,-216.8,839.5
2018-11-15 17:10:00,1,836.21,812.59,-241.95,-221.91,-207.12,839.15
2018-11-15 17:15:00,1,834.21,804.88,-242.09,-224.35,-202.45,834.2
2018-11-17 19:20:00,1,834.85,829.6,-247.5,-236.29,-205.62,939.11
2018-11-20 15:25:00,1,907.81,810.41,-178.7,-163.06,-139.14,883.0
2018-11-20 15:40:00,1,845.7,798.7,-152.08,-143.79,-121.17,847.47
2018-11-20 15:50:00,1,852.25,794.13,-161.82,-154.06,-126.27,844.72
2018-11-20 16:20:00,1,851.97,796.4,-158.11,-149.29,-123.32,856.88
2018-11-20 16:30:00,1,861.46,803.07,-154.14,-148.43,-117.93,856.08
2018-11-20 17:20:00,1,860.94,805.45,-151.47,-148.12,-118.67,856.59
2018-11-20 17:30:00,1,862.56,806.03,-159.58,-147.96,-118.0,861.01
2018-11-20 18:30:00,1,857.92,795.97,-152.68,-150.07,-123.71,850.13
2018-11-20 18:45:00,1,872.22,803.4,-158.99,-148.35,-122.82,864.62
2018-11-20 18:55:00,1,852.91,794.99,-150.72,-144.64,-115.05,847.96
2018-11-20 19:00:00,1,853.58,792.33,-146.27,-143.26,-104.87,844.62
2018-11-20 19:15:00,1,858.83,794.92,-149.08,-140.45,-119.39,846.7
2018-11-20 19:30:00,1,868.09,801.21,-162.74,-151.91,-124.44,859.92
2018-11-20 19:50:00,1,863.43,798.19,-157.24,-148.63,-118.91,858.22
2018-11-20 20:10:00,1,873.8,802.52,-160.77,-154.34,-121.24,864.61
2018-11-20 20:30:00,1,859.07,793.7,-147.33,-142.29,-117.27,849.48
2018-11-20 20:35:00,1,858.92,792.09,-148.51,-142.87,-115.67,847.5
2018-11-20 21:00:00,1,863.94,793.39,-156.98,-149.82,-118.19,851.47
2018-11-20 21:35:00,1,865.64,798.04,-154.5,-147.66,-117.51,855.48
2018-11-20 21:50:00,1,863.79,789.16,-158.33,-146.17,-121.69,844.75
2018-11-20 22:10:00,1,855.54,789.17,-167.4,-156.36,-125.52,844.79
2018-11-20 22:20:00,1,858.91,786.3,-146.4,-137.45,-116.8,842.44
2018-11-20 22:30:00,1,864.58,788.43,-154.17,-145.01,-125.36,843.87
2018-11-20 22:40:00,1,857.7,793.45,-157.22,-148.39,-122.02,844.06
2018-11-20 22:45:00,1,848.98,786.71,-149.85,-143.31,-113.09,831.75
2018-11-20 22:50:00,1,855.1,785.75,-162.38,-152.75,-127.61,833.13
2018-11-20 23:00:00,1,879.26,802.8,-166.58,-159.24,-122.75,871.05
2018-11-20 23:05:00,1,885.71,806.28,-170.81,-159.66,-139.54,879.06
2018-11-22 05:20:00,1,851.76,831.38,-274.99,-249.18,-215.93,876.4
2018-11-24 08:25:00,1,862.42,832.86,-268.93,-242.6,-217.66,871.91
2018-11-24 09:15:00,1,878.32,836.14,-272.44,-243.15,-220.2,887.4
2018-11-24 14:10:00,1,861.69,884.87,-267.59,-238.97,-213.32,854.72
2018-11-25 21:50:00,1,868.93,836.63,-269.19,-260.75,-210.79,873.72
2018-12-01 04:50:00,1,841.99,843.96,-161.38,-161.45,-122.41,867.03
2018-12-01 05:00:00,1,817.38,806.05,-211.52,-203.47,-164.47,826.65
2018-12-05 23:00:00,1,796.53,781.38,-215.26,-198.48,-169.39,828.23
2018-12-07 05:55:00,1,788.98,871.35,-215.26,-56.87,-169.39,789.61
2018-12-07 07:30:00,1,882.34,763.78,-133.17,-131.64,-103.99,816.63
2018-12-07 07:35:00,1,805.92,763.48,-130.77,-129.4,-99.11,819.02
2018-12-07 07:40:00,1,897.9,776.83,-147.55,-146.87,-112.48,828.92
2018-12-09 12:55:00,1,846.28,825.71,-172.13,-159.39,-121.8,846.24
2018-12-09 13:00:00,1,843.09,815.84,-163.56,-157.75,-115.82,845.61
2018-12-10 18:35:00,1,843.39,860.29,-262.45,-247.4,-210.75,860.01
2018-12-10 20:10:00,1,867.14,828.51,-160.81,-152.89,-122.97,835.65
2018-12-10 20:15:00,1,881.07,824.6,-161.94,-157.89,-125.29,828.74
2018-12-13 20:40:00,1,821.52,797.35,-147.12,-127.86,-110.18,828.72
2018-12-13 21:05:00,1,860.74,814.37,-171.55,-156.64,-130.29,843.03
2018-12-13 21:20:00,1,857.01,814.57,-183.26,-164.11,-137.97,849.4
2019-01-02 09:35:00,1,849.64,819.54,-264.62,-249.37,-206.8,869.33
2019-01-03 11:05:00,1,855.64,798.42,-157.33,-140.85,-123.42,844.49
2019-01-03 12:30:00,1,856.9,815.81,-177.22,-154.49,-127.35,847.14
2019-01-08 13:10:00,1,849.3,801.27,-170.39,-152.12,-132.59,859.39
2019-01-08 13:15:00,1,850.9,797.0,-183.81,-162.72,-142.32,850.03
2019-01-08 13:20:00,1,884.1,802.77,-183.98,-162.07,-134.65,871.31
2019-01-15 06:15:00,1,867.43,824.61,-276.28,-247.63,-216.75,868.2
2019-01-18 11:40:00,1,795.26,781.44,-215.26,-198.48,-169.39,761.12
2019-01-18 12:30:00,1,830.66,766.73,-143.45,-133.72,-122.27,818.19
2019-01-18 12:35:00,1,845.43,778.07,-145.9,-136.97,-118.9,830.64
2019-01-22 07:45:00,1,885.96,827.95,-258.78,-235.43,-191.01,784.79
2019-01-22 07:50:00,1,904.97,834.03,-247.47,-223.08,-189.53,775.77
2019-02-01 06:50:00,1,853.21,811.82,-178.4,-159.7,-135.37,848.5
2019-02-01 16:30:00,1,859.38,828.06,-284.66,-246.67,-219.58,881.44
2019-02-08 01:20:00,1,873.55,798.71,-168.79,-162.97,-140.07,907.9
2019-02-14 20:55:00,1,837.71,777.81,-187.61,-182.5,-144.19,838.42
2019-02-15 23:15:00,1,837.6,803.88,-236.89,-237.18,-195.15,823.99
2019-02-15 23:35:00,1,836.51,790.52,-191.43,-185.24,-149.99,821.67
2019-02-15 23:55:00,1,832.39,788.11,-201.67,-197.04,-158.75,817.59
2019-02-16 00:00:00,1,832.12,784.45,-207.42,-200.37,-163.1,815.89
2019-02-16 00:05:00,1,832.16,782.69,-209.21,-202.0,-164.9,816.39
2019-02-17 02:35:00,1,863.35,810.26,-259.99,-255.72,-210.81,872.38
2019-02-17 02:40:00,1,857.19,807.23,-260.66,-259.04,-209.1,855.55
2019-02-17 02:55:00,1,838.64,797.01,-243.87,-244.68,-184.98,827.74
2019-02-17 03:10:00,1,825.63,781.58,-203.73,-198.53,-151.8,820.64
2019-02-17 03:15:00,1,827.47,781.73,-190.64,-188.47,-142.51,826.13
2019-02-17 03:20:00,1,825.84,784.64,-187.05,-184.31,-139.99,824.19
2019-02-17 03:25:00,1,823.74,785.19,-198.92,-195.76,-147.87,822.18
2019-02-17 03:30:00,1,824.49,784.79,-189.94,-186.39,-139.16,823.64
2019-02-17 03:35:00,1,828.28,786.01,-190.93,-185.78,-137.72,830.65
2019-02-17 03:40:00,1,823.95,784.68,-191.0,-188.48,-140.77,826.07
2019-02-17 03:50:00,1,834.54,812.35,-180.0,-167.81,-123.15,850.24
2019-02-17 03:55:00,1,826.24,802.69,-188.33,-187.97,-142.89,838.54
2019-02-17 04:00:00,1,827.52,789.05,-179.68,-179.61,-130.93,827.0
2019-02-17 04:05:00,1,818.65,790.25,-180.39,-180.14,-140.54,826.03
2019-02-17 04:10:00,1,819.79,787.63,-175.54,-173.15,-127.54,822.79
2019-02-17 04:15:00,1,832.79,805.95,-166.02,-164.65,-122.7,842.44
2019-02-17 04:20:00,1,836.36,819.95,-153.12,-152.78,-113.57,854.11
2019-02-17 05:05:00,1,840.87,839.23,-154.36,-158.52,-127.88,859.48
2019-02-17 05:10:00,1,835.63,812.58,-154.34,-162.97,-125.11,840.79
2019-02-17 05:15:00,1,837.19,803.47,-155.01,-162.27,-127.59,840.87
2019-02-17 05:20:00,1,833.37,799.1,-159.63,-165.54,-129.41,835.8
2019-02-17 05:25:00,1,833.72,791.26,-151.39,-158.62,-123.69,835.07
2019-02-17 05:30:00,1,836.25,791.35,-153.96,-156.79,-120.36,836.71
2019-02-17 05:35:00,1,839.1,793.05,-145.74,-158.77,-124.89,839.41
2019-02-17 05:40:00,1,836.87,791.47,-159.88,-163.22,-125.46,835.98
2019-02-17 05:45:00,1,832.93,788.42,-144.03,-152.95,-113.89,833.79
2019-02-17 05:50:00,1,839.29,787.2,-140.84,-153.66,-120.8,839.07
2019-02-17 05:55:00,1,840.97,791.12,-141.53,-147.27,-114.16,839.94
2019-02-17 06:10:00,1,837.48,804.55,-143.28,-149.7,-118.58,848.31
2019-03-09 03:30:00,1,890.99,915.36,-179.11,-181.02,-144.17,828.22
2019-03-09 03:45:00,1,910.83,927.74,-190.57,-183.83,-148.55,833.8
2019-03-09 04:05:00,1,944.47,913.43,-196.25,-190.86,-154.4,830.92
2019-03-09 04:35:00,1,870.81,890.18,-175.17,-169.92,-135.45,831.85
2019-03-09 04:40:00,1,847.8,874.87,-166.15,-161.64,-130.85,827.2
2019-03-09 04:50:00,1,852.35,872.45,-170.88,-164.3,-129.82,816.7
2019-03-09 04:55:00,1,912.71,884.27,-159.28,-161.54,-125.57,812.57
2019-03-09 05:55:00,1,882.34,791.23,-215.26,-43.48,-169.39,773.45
2019-03-09 06:00:00,1,808.26,784.92,-215.26,-48.07,-169.39,761.81
2019-03-09 06:05:00,1,847.95,796.67,-215.26,-44.36,-169.39,754.38
2019-03-17 21:05:00,1,829.59,779.56,-151.1,-109.66,-133.51,820.57
2019-03-19 21:25:00,1,881.64,846.4,-253.39,-224.4,-207.65,781.0
2019-03-19 21:30:00,1,914.85,851.71,-245.56,-226.87,-198.6,789.21
2019-03-19 21:55:00,1,902.57,866.62,-281.9,-254.94,-239.75,807.43
2019-03-19 22:00:00,1,884.71,864.11,-253.18,-233.2,-212.85,810.1
2019-03-20 02:25:00,1,866.52,825.59,-264.95,-225.93,-224.68,916.79
2019-03-20 06:25:00,1,856.34,825.58,-261.68,-226.16,-216.62,921.7
2019-03-20 07:20:00,1,840.68,824.28,-275.39,-230.1,-224.32,894.36
2019-03-20 08:20:00,1,826.61,812.77,-251.79,-219.08,-208.34,909.68
2019-03-21 05:10:00,1,830.8,818.55,-236.87,-181.54,-192.11,946.45
2019-03-21 05:25:00,1,829.8,813.79,-242.55,-179.36,-192.44,928.89
2019-03-21 08:15:00,1,854.84,808.02,-259.29,-175.72,-209.09,879.42
2019-03-21 10:55:00,1,871.1,821.57,-262.6,-160.32,-199.62,954.8
2019-03-21 11:10:00,1,859.49,820.93,-251.2,-159.0,-201.88,923.8
2019-03-21 11:25:00,1,882.59,821.69,-251.31,-152.48,-196.22,948.77
2019-03-21 11:45:00,1,833.36,818.23,-251.25,-159.21,-193.29,854.32
2019-03-21 11:50:00,1,846.37,821.06,-251.15,-162.44,-200.88,908.76
2019-03-21 12:10:00,1,850.8,815.95,-254.32,-166.39,-204.5,907.18
2019-03-21 12:45:00,1,859.71,808.57,-254.4,-151.66,-198.63,907.99
2019-03-21 14:20:00,1,857.07,812.02,-250.93,-147.17,-200.91,900.88
2019-03-21 14:25:00,1,847.36,813.43,-250.94,-136.66,-200.14,904.37
2019-03-21 16:15:00,1,878.21,820.66,-251.64,-115.88,-199.46,930.64
2019-03-21 17:25:00,1,878.77,819.66,-275.11,-143.3,-211.08,922.29
2019-03-21 17:30:00,1,893.64,822.97,-251.38,-145.11,-207.47,954.42
2019-03-21 17:40:00,1,899.34,826.14,-255.64,-129.49,-203.72,949.16
2019-03-21 18:45:00,1,870.93,812.0,-245.55,-119.67,-204.1,909.78
2019-03-24 19:45:00,1,904.27,811.38,-252.44,-246.75,-199.31,870.06
2019-03-24 19:50:00,1,912.42,811.76,-249.78,-243.98,-199.03,865.82
2019-03-24 20:25:00,1,888.47,812.75,-253.32,-246.63,-203.64,853.34
2019-03-24 20:30:00,1,897.93,814.86,-253.34,-242.34,-202.14,852.0
2019-04-01 01:40:00,1,848.29,873.53,-275.36,-240.59,-221.04,843.01
2019-04-01 01:45:00,1,850.68,856.59,-280.6,-247.75,-220.12,867.66
2019-04-01 04:30:00,1,863.56,876.01,-256.39,-234.35,-200.05,765.11
2019-04-01 05:05:00,1,891.26,905.18,-251.99,-227.28,-196.41,762.28
2019-04-01 05:20:00,1,889.82,894.6,-273.09,-244.12,-215.34,828.67
2019-04-01 15:45:00,1,834.69,868.99,-272.02,-239.59,-224.73,850.01
2019-04-01 16:20:00,1,826.29,854.82,-255.14,-223.38,-202.9,765.99
2019-04-01 16:25:00,1,827.75,848.81,-252.57,-216.03,-200.18,838.53
2019-04-01 16:30:00,1,822.58,842.18,-252.71,-222.07,-204.2,836.84
2019-04-01 16:35:00,1,827.39,841.03,-257.66,-235.83,-203.41,852.78
2019-04-01 20:30:00,1,847.59,884.67,-257.82,-229.93,-206.67,794.94
2019-04-01 20:50:00,1,853.77,890.19,-253.09,-227.53,-200.47,811.71
2019-04-01 21:20:00,1,874.18,889.18,-264.3,-237.18,-210.79,839.42
2019-04-13 06:30:00,1,860.11,867.02,-252.65,-130.71,-200.29,842.67
2019-04-13 06:35:00,1,858.15,865.91,-244.39,-128.25,-191.05,844.86
2019-04-13 06:40:00,1,862.35,877.18,-263.17,-126.47,-203.29,851.09
2019-04-13 06:45:00,1,875.58,895.78,-260.85,-124.94,-199.95,882.52
2019-04-13 07:15:00,1,862.94,886.01,-254.59,-125.5,-194.42,868.4
2019-04-13 07:20:00,1,856.17,876.07,-254.35,-124.35,-198.06,856.48
2019-04-13 07:30:00,1,864.38,887.92,-254.63,-118.35,-195.08,870.23
2019-04-13 07:55:00,1,842.06,854.14,-249.52,-115.32,-190.7,833.46
2019-04-13 08:00:00,1,846.17,867.82,-246.2,-109.71,-187.09,841.03
2019-04-13 08:05:00,1,851.04,868.79,-244.45,-105.89,-189.82,854.01
2019-04-13 08:30:00,1,839.79,845.05,-258.11,-97.07,-199.39,838.53
2019-04-13 09:05:00,1,862.09,882.73,-256.74,-104.03,-195.55,878.33
2019-04-13 09:30:00,1,845.49,858.48,-246.19,-95.6,-186.77,839.83
2019-04-13 13:05:00,1,856.06,888.06,-262.56,-140.8,-202.71,864.03
2019-04-13 13:10:00,1,858.11,885.14,-260.07,-133.5,-201.78,872.68
2019-04-13 13:20:00,1,855.3,883.27,-252.81,-133.84,-196.99,856.49
2019-04-13 13:30:00,1,855.01,875.43,-257.13,-136.48,-199.88,858.92
2019-04-13 13:35:00,1,846.48,864.38,-247.7,-140.99,-192.71,844.73
2019-04-13 15:10:00,1,880.82,920.04,-268.65,-130.22,-208.29,903.98
2019-04-13 15:15:00,1,870.8,906.28,-259.49,-137.58,-201.41,886.67
2019-04-13 20:10:00,1,849.77,858.16,-180.55,-153.58,-134.79,843.2
2019-04-13 21:55:00,1,848.13,862.55,-169.31,-144.76,-129.48,842.62
2019-04-13 22:00:00,1,847.7,868.74,-179.73,-148.39,-127.32,838.02
2019-04-14 04:50:00,1,836.08,850.24,-163.19,-133.23,-125.52,831.83
2019-04-14 05:25:00,1,831.56,824.9,-156.96,-124.59,-117.21,815.01
2019-04-14 05:30:00,1,829.44,832.76,-157.17,-130.35,-119.26,810.51
2019-04-14 16:10:00,1,836.03,852.66,-156.59,-144.66,-119.38,830.02
2019-04-16 17:20:00,1,851.54,816.52,-193.02,-141.83,-141.41,855.1
2019-04-16 17:35:00,1,865.72,848.51,-188.27,-136.9,-132.58,847.19
2019-04-18 17:25:00,1,893.25,905.52,-262.78,-210.97,-200.67,835.68
2019-04-18 21:05:00,1,885.34,918.98,-258.22,-191.28,-195.97,784.58
2019-04-18 22:00:00,1,905.53,920.09,-275.23,-221.26,-203.43,764.05
2019-04-19 00:00:00,1,923.37,926.42,-252.98,-205.32,-188.4,807.35
2019-04-19 01:45:00,1,910.31,905.4,-259.73,-200.11,-201.69,834.22
2019-04-19 04:40:00,1,920.8,929.9,-254.05,-194.65,-191.19,825.28
2019-04-19 07:50:00,1,894.82,899.45,-259.52,-204.28,-203.38,796.56
2019-04-19 12:40:00,1,862.37,877.89,-244.07,-153.94,-185.27,763.53
2019-04-21 07:05:00,1,849.9,836.12,-270.07,-204.93,-209.33,866.84
2019-04-22 04:10:00,1,879.9,890.01,-270.13,-244.59,-212.31,842.69
2019-04-22 06:20:00,1,852.19,869.66,-266.69,-238.46,-216.37,864.19
2019-04-25 12:35:00,1,875.25,910.38,-261.67,-140.49,-199.75,920.33
2019-04-28 01:05:00,1,840.36,866.74,-268.8,-231.92,-204.01,853.34
2019-04-28 15:20:00,1,850.55,881.49,-273.55,-197.7,-211.13,863.07
2019-04-28 23:30:00,1,888.36,920.35,-265.85,-192.65,-200.96,760.19
2019-04-29 00:30:00,1,911.42,948.1,-251.66,-173.04,-192.73,853.78
2019-04-29 06:50:00,1,841.31,859.0,-264.93,-170.88,-203.88,865.96
2019-04-29 06:55:00,1,850.62,860.72,-280.2,-170.67,-214.01,867.16
2019-04-29 07:00:00,1,863.15,882.44,-273.69,-168.54,-212.09,905.53
2019-04-29 07:45:00,1,846.88,866.47,-252.86,-89.52,-194.68,863.92
2019-04-29 10:40:00,1,852.18,896.06,-268.19,-100.66,-200.69,881.01
2019-05-14 04:45:00,1,833.53,803.35,-215.26,-198.48,-169.39,781.33
2019-05-22 02:50:00,1,882.34,820.67,-141.65,-146.17,-110.85,771.65
2019-05-22 02:55:00,1,788.71,807.97,-188.4,-180.56,-161.23,786.9
2019-05-22 03:00:00,1,882.34,799.04,-174.46,-168.28,-146.9,791.78
2019-05-22 03:05:00,1,830.86,822.55,-171.88,-160.93,-137.02,854.65
2019-06-03 01:05:00,1,826.95,864.58,-192.4,-144.06,-159.81,818.79
2019-06-23 19:35:00,1,836.08,848.12,-171.92,-152.6,-151.72,838.7
2019-06-23 19:40:00,1,840.11,850.54,-166.04,-144.47,-147.91,843.18
2019-06-23 20:00:00,1,843.41,867.23,-164.54,-144.95,-146.58,845.78
2019-06-23 20:05:00,1,834.37,849.07,-168.82,-149.71,-156.69,838.05
2019-06-23 20:10:00,1,840.16,858.27,-174.25,-143.76,-150.53,845.71
2019-06-23 20:15:00,1,841.13,860.45,-171.91,-143.73,-152.89,846.08
2019-06-23 20:25:00,1,839.48,860.62,-167.11,-143.45,-148.34,843.28
2019-06-23 21:00:00,1,848.74,858.12,-168.82,-143.57,-153.5,846.84
2019-06-27 00:35:00,1,832.87,858.64,-250.55,-200.38,-207.2,832.95
2019-06-27 00:55:00,1,846.06,857.3,-274.63,-221.74,-232.88,850.56
2019-06-27 01:00:00,1,825.07,828.26,-261.68,-208.31,-217.89,832.5
2019-06-27 01:05:00,1,829.35,822.02,-209.48,-162.36,-160.99,837.24
2019-06-28 12:20:00,1,798.5,825.42,-234.49,-187.76,-204.16,814.7
2019-06-29 20:25:00,1,853.6,870.22,-261.9,-205.7,-217.61,859.83
2019-06-30 01:00:00,1,845.69,866.82,-285.13,-229.41,-236.37,846.62
2019-06-30 01:05:00,1,836.85,855.93,-287.48,-227.34,-244.28,839.97
2019-06-30 03:50:00,1,856.87,886.26,-268.26,-215.22,-222.75,870.02
2019-06-30 03:55:00,1,857.66,884.43,-269.2,-218.52,-224.63,872.89
2019-06-30 10:10:00,1,841.51,879.23,-262.9,-221.1,-220.45,852.28
2019-06-30 12:55:00,1,859.19,882.46,-272.59,-221.48,-226.49,871.52
2019-07-08 21:10:00,1,841.59,854.95,-259.08,-205.43,-223.47,846.55
2019-07-08 21:15:00,1,835.12,841.25,-191.22,-145.58,-154.23,839.1
2019-07-09 07:50:00,1,839.45,856.81,-256.64,-206.06,-209.82,846.4
2019-07-14 19:00:00,1,904.37,927.24,-251.71,-203.48,-193.79,833.18
2019-07-16 08:00:00,1,836.3,888.97,-181.65,-162.17,-148.44,830.96
2019-07-17 22:00:00,1,830.73,877.54,-267.17,-208.47,-207.77,850.56
2019-07-17 22:10:00,1,829.2,862.73,-257.78,-199.23,-196.57,844.16
2019-07-18 23:40:00,1,808.87,797.47,-215.26,-198.48,-169.39,779.67
2019-07-18 23:45:00,1,804.34,791.0,-215.26,-198.48,-169.39,830.48
2019-07-31 14:55:00,1,826.92,858.81,-158.01,-138.49,-133.11,816.56
2019-08-14 20:00:00,1,832.86,844.26,-166.13,-144.64,-120.68,838.26
2019-08-14 20:05:00,1,839.39,857.51,-176.13,-152.84,-133.65,845.82
2019-08-14 20:15:00,1,837.01,853.64,-169.18,-147.28,-125.53,849.72
2019-08-15 03:15:00,1,842.84,858.05,-179.75,-151.41,-140.55,851.43
2019-08-17 06:10:00,1,845.02,870.73,-167.73,-143.15,-128.79,821.99
2019-08-17 06:25:00,1,851.58,883.49,-159.14,-141.0,-122.39,808.4
2019-08-17 08:35:00,1,842.85,863.22,-162.29,-146.7,-118.99,836.8
2019-08-17 08:50:00,1,793.65,814.15,-215.26,-56.95,-169.39,769.68
2019-08-17 17:10:00,1,842.99,862.1,-166.87,-130.69,-136.48,823.97
2019-08-17 22:25:00,1,859.94,894.37,-195.46,-137.69,-147.81,835.85
2019-08-19 12:45:00,1,912.07,925.33,-240.07,-198.63,-184.29,809.37
2019-08-19 12:50:00,1,908.09,926.21,-236.35,-200.77,-185.29,806.92
2019-08-19 12:55:00,1,900.63,922.8,-238.38,-203.26,-193.5,813.81
2019-08-19 13:05:00,1,907.63,924.85,-243.59,-197.23,-186.88,804.15
2019-08-19 13:10:00,1,907.38,925.85,-241.49,-200.6,-183.9,804.23
2019-08-19 13:15:00,1,911.95,928.88,-246.97,-203.23,-185.21,807.82
2019-08-19 13:25:00,1,911.9,935.26,-248.55,-207.7,-190.63,815.71
2019-08-19 13:45:00,1,902.68,921.16,-249.69,-183.98,-201.63,818.76
2019-08-19 14:10:00,1,902.49,920.88,-245.77,-176.62,-184.87,824.91
2019-08-19 14:15:00,1,898.99,921.06,-246.34,-180.22,-192.5,824.56
2019-08-19 14:20:00,1,899.3,921.62,-245.05,-176.86,-187.65,827.41
2019-08-19 14:35:00,1,897.59,916.85,-251.4,-190.0,-194.47,834.75
2019-08-19 17:25:00,1,845.37,903.95,-296.03,-233.24,-244.21,754.47
2019-08-19 17:30:00,1,834.48,878.39,-247.89,-192.58,-196.41,753.97
2019-08-19 17:35:00,1,844.05,877.98,-245.56,-183.1,-190.67,775.68
2019-08-23 11:20:00,1,820.27,852.42,-167.89,-137.59,-125.81,825.72
2019-08-23 21:20:00,1,824.66,828.62,-242.38,-195.96,-192.63,799.25
2019-08-25 10:50:00,1,841.15,834.98,-262.86,-209.68,-205.93,846.95
2019-08-25 11:15:00,1,837.94,830.61,-260.79,-206.76,-208.43,855.91
2019-08-25 11:20:00,1,837.95,832.42,-267.51,-200.15,-210.94,853.77
2019-08-31 05:45:00,1,847.6,875.27,-267.4,-226.96,-215.51,869.77
2019-08-31 07:55:00,1,851.44,883.98,-270.1,-221.64,-209.01,850.07
2019-09-01 13:05:00,1,837.26,844.6,-269.61,-226.91,-215.0,821.5
2019-09-01 13:35:00,1,837.23,836.78,-284.76,-242.1,-241.75,808.96
2019-09-02 21:40:00,1,882.41,915.33,-248.65,-201.75,-199.12,789.66
2019-09-03 22:45:00,1,827.88,826.13,-153.03,-138.32,-132.12,807.86
2019-09-03 22:50:00,1,819.82,823.45,-168.63,-149.54,-145.7,803.94
2019-09-03 22:55:00,1,824.24,831.49,-160.25,-144.62,-140.76,814.75
2019-09-03 23:00:00,1,830.61,846.88,-179.49,-161.52,-154.68,825.62
2019-09-03 23:05:00,1,828.02,846.03,-169.82,-148.37,-137.28,816.72
2019-09-03 23:10:00,1,828.38,851.23,-160.64,-137.02,-126.05,820.96
2019-09-08 19:10:00,1,907.27,903.09,-248.46,-200.55,-185.82,765.68
2019-10-26 12:45:00,1,811.03,778.82,-215.26,-49.46,-169.39,787.29
2019-10-26 14:25:00,1,827.51,791.23,-215.26,-66.7,-169.39,784.11
2019-10-26 15:00:00,1,818.63,779.73,-215.26,-198.48,-169.39,786.14
2019-10-27 17:10:00,1,798.8,761.3,-215.26,-39.45,-169.39,790.23
2019-10-27 20:05:00,1,855.44,831.47,-169.47,-142.75,-134.23,861.78
2019-10-29 11:25:00,1,824.82,785.14,-148.86,-120.86,-126.99,780.22
2019-10-29 11:30:00,1,803.31,774.1,-215.26,-198.48,-169.39,797.43
2019-10-29 12:45:00,1,851.44,830.16,-158.31,-143.34,-145.17,857.75
2019-10-29 13:00:00,1,844.32,823.54,-174.87,-142.31,-149.39,842.13
2019-10-30 20:00:00,1,867.33,840.3,-283.68,-232.46,-230.45,861.2
2019-10-30 20:10:00,1,869.99,847.07,-278.99,-237.1,-227.98,869.91
2019-10-30 20:20:00,1,871.85,848.87,-276.25,-225.55,-225.7,875.33
2019-10-31 04:55:00,1,855.54,850.75,-272.02,-237.83,-225.48,867.46
2019-10-31 05:15:00,1,853.12,856.96,-269.8,-235.98,-220.4,868.62
2019-10-31 05:20:00,1,855.12,862.22,-269.03,-241.13,-221.21,883.66
2019-10-31 05:25:00,1,856.71,861.91,-268.81,-233.41,-219.92,880.2
2019-11-01 06:45:00,1,839.13,824.17,-265.63,-238.05,-218.02,831.89
2019-11-02 17:00:00,1,842.46,855.47,-269.01,-240.0,-221.79,854.55
2019-11-03 00:20:00,1,851.18,877.17,-272.29,-212.53,-217.61,884.78
2019-11-03 22:50:00,1,845.49,877.41,-274.86,-226.11,-228.54,872.93
2019-11-03 23:40:00,1,843.26,871.58,-272.67,-226.05,-225.46,867.3
2019-11-04 00:20:00,1,852.93,876.37,-267.64,-208.7,-219.39,865.61
2019-11-04 00:35:00,1,844.75,866.58,-265.5,-193.84,-216.84,872.22
2019-11-04 00:40:00,1,842.61,863.54,-269.32,-186.43,-219.62,878.6
2019-11-04 00:45:00,1,847.68,866.69,-272.68,-197.36,-218.65,893.39
2019-11-04 00:50:00,1,855.68,875.81,-266.1,-178.22,-214.08,907.84
2019-11-04 01:15:00,1,846.31,871.46,-287.67,-216.8,-237.0,844.74
2019-11-04 01:20:00,1,838.44,858.95,-272.08,-191.45,-221.46,864.58
2019-11-04 01:25:00,1,839.24,857.66,-290.96,-202.1,-243.51,874.96
2019-11-04 01:30:00,1,849.7,865.87,-275.98,-196.23,-226.75,900.43
2019-11-04 01:35:00,1,852.69,874.91,-269.55,-184.42,-218.26,887.41
2019-11-04 02:25:00,1,850.6,883.16,-259.23,-167.86,-211.3,877.73
2019-11-04 02:30:00,1,844.06,876.4,-263.76,-165.04,-215.27,872.42
2019-11-04 04:30:00,1,851.55,883.09,-256.27,-189.64,-214.33,841.28
2019-11-04 05:15:00,1,842.23,865.58,-265.36,-209.46,-215.52,849.97
2019-11-04 05:45:00,1,835.64,858.73,-255.3,-191.6,-210.17,852.89
2019-11-04 05:55:00,1,835.88,857.62,-263.52,-199.29,-214.71,849.51
2019-11-04 06:55:00,1,836.86,867.86,-257.13,-187.24,-211.92,848.73
2019-11-04 07:05:00,1,836.49,858.11,-264.21,-194.05,-216.06,864.68
2019-11-04 07:15:00,1,839.73,861.29,-259.97,-187.23,-210.95,868.38
2019-11-04 08:45:00,1,850.52,881.69,-263.84,-207.2,-213.76,874.12
2019-11-04 09:10:00,1,846.95,866.1,-270.84,-217.3,-214.52,882.95
2019-11-04 09:15:00,1,850.82,866.93,-268.87,-213.59,-216.75,893.72
2019-11-04 09:40:00,1,848.6,862.07,-270.99,-211.42,-219.71,860.76
2019-11-04 09:55:00,1,846.83,855.18,-266.64,-207.52,-216.67,864.43
2019-11-04 11:05:00,1,845.43,871.63,-282.2,-221.87,-230.54,875.89
2019-11-04 11:10:00,1,843.33,868.74,-279.8,-222.13,-229.65,872.11
2019-11-04 19:10:00,1,847.89,862.93,-273.51,-206.23,-210.13,874.17
2019-11-04 21:20:00,1,859.13,850.39,-278.17,-210.25,-228.16,872.37
2019-11-04 21:25:00,1,862.3,861.55,-275.4,-206.18,-233.99,887.43
2019-11-04 21:55:00,1,859.6,857.9,-275.79,-210.4,-227.49,877.67
2019-11-05 00:20:00,1,832.83,826.2,-273.06,-215.56,-220.34,829.09
2019-11-05 00:30:00,1,845.36,837.64,-290.37,-218.82,-241.23,837.29
2019-11-05 00:40:00,1,832.92,821.21,-286.4,-214.92,-238.06,826.36
2019-11-05 00:45:00,1,847.7,843.01,-271.59,-203.97,-219.61,868.85
2019-11-05 00:50:00,1,853.47,841.49,-266.64,-193.04,-218.89,852.45
2019-11-05 00:55:00,1,840.98,825.35,-263.63,-194.6,-217.48,834.16
2019-11-05 01:00:00,1,857.41,845.65,-276.3,-203.33,-227.12,866.59
2019-11-05 01:30:00,1,873.76,858.08,-277.6,-205.41,-229.49,874.97
2019-11-05 03:35:00,1,847.34,837.78,-263.57,-203.62,-211.57,849.76
2019-11-05 03:40:00,1,837.66,832.23,-263.71,-198.15,-213.1,845.56
2019-11-05 03:50:00,1,839.65,844.43,-267.84,-208.33,-215.03,855.45
2019-11-05 09:40:00,1,866.56,857.66,-272.97,-213.66,-220.34,864.9
2019-11-05 11:55:00,1,856.01,848.02,-273.41,-200.94,-223.84,875.7
2019-11-05 14:35:00,1,853.89,860.35,-287.36,-224.94,-233.73,866.62
2019-11-05 14:40:00,1,846.51,857.42,-291.71,-225.36,-237.25,862.58
2019-11-05 20:15:00,1,843.82,853.01,-291.02,-225.95,-236.5,859.12
2019-11-05 20:20:00,1,848.33,853.0,-275.67,-219.78,-231.87,885.21
2019-11-05 20:35:00,1,839.15,847.07,-288.05,-225.94,-237.42,859.05
2019-11-05 20:40:00,1,842.8,848.23,-287.43,-229.52,-234.51,874.24
2019-11-05 20:55:00,1,831.5,834.54,-293.0,-231.44,-241.62,849.84
2019-11-05 21:00:00,1,835.32,839.87,-289.23,-229.2,-234.28,855.1
2019-11-05 21:05:00,1,832.44,836.76,-292.92,-233.33,-239.85,848.41
2019-11-05 21:10:00,1,831.85,837.12,-287.62,-227.43,-235.46,847.56
2019-11-05 21:25:00,1,840.71,849.78,-280.46,-222.75,-226.94,878.52
2019-11-05 22:30:00,1,839.79,856.63,-277.23,-220.65,-230.65,896.93
2019-11-05 22:35:00,1,831.9,843.39,-285.18,-226.02,-234.5,852.52
2019-11-05 22:40:00,1,840.39,844.14,-289.07,-233.07,-238.42,876.18
2019-11-05 22:50:00,1,844.91,851.23,-287.77,-224.63,-231.48,853.15
2019-11-05 22:55:00,1,836.71,835.84,-289.54,-233.77,-237.61,852.05
2019-11-05 23:00:00,1,839.5,834.42,-288.59,-228.13,-236.69,856.17
2019-11-05 23:05:00,1,839.56,830.68,-282.82,-227.25,-232.08,853.94
2019-11-05 23:10:00,1,852.39,836.37,-275.42,-217.17,-226.55,882.05
2019-11-05 23:20:00,1,860.14,848.3,-280.03,-219.41,-235.02,882.0
2019-11-05 23:30:00,1,850.21,841.23,-284.34,-226.56,-232.56,865.96
2019-11-05 23:35:00,1,850.21,842.54,-275.17,-218.28,-224.36,875.31
2019-11-05 23:40:00,1,850.65,843.42,-265.29,-207.9,-214.35,872.65
2019-11-05 23:55:00,1,838.94,843.11,-274.8,-218.87,-229.83,841.11
2019-11-06 00:00:00,1,835.41,833.33,-282.92,-226.91,-226.34,847.47
2019-11-06 00:05:00,1,842.81,842.75,-270.89,-213.42,-215.37,870.49
2019-11-06 00:10:00,1,840.86,850.61,-277.15,-222.86,-225.99,864.97
2019-11-06 00:15:00,1,835.81,849.37,-285.62,-229.44,-235.84,860.7
2019-11-06 00:20:00,1,851.16,860.8,-272.34,-207.18,-224.5,897.09
2019-11-06 00:25:00,1,847.57,868.29,-278.0,-222.87,-225.07,883.37
2019-11-06 00:30:00,1,835.64,859.58,-273.97,-219.72,-224.91,860.76
2019-11-06 00:35:00,1,840.84,861.4,-284.27,-223.36,-228.56,880.96
2019-11-06 00:45:00,1,847.09,868.27,-270.17,-216.29,-218.24,890.65
2019-11-06 00:50:00,1,849.42,869.77,-266.0,-210.79,-217.24,887.64
2019-11-06 00:55:00,1,833.99,864.34,-287.73,-233.83,-235.3,855.05
2019-11-06 01:00:00,1,820.76,844.13,-280.18,-223.76,-228.03,842.06
2019-11-06 01:05:00,1,850.04,859.24,-268.14,-210.11,-219.22,891.64
2019-11-06 01:10:00,1,825.07,853.55,-293.18,-238.84,-244.66,838.43
2019-11-06 01:15:00,1,822.49,842.96,-278.45,-226.36,-228.24,842.94
2019-11-06 01:20:00,1,825.31,842.1,-264.98,-210.7,-216.97,844.98
2019-11-06 01:25:00,1,825.72,842.93,-279.28,-228.59,-228.0,842.8
2019-11-06 01:30:00,1,827.96,844.82,-288.39,-237.79,-235.87,848.38
2019-11-06 01:50:00,1,823.66,839.15,-275.92,-220.44,-227.65,840.18
2019-11-06 01:55:00,1,821.07,833.38,-295.18,-239.09,-239.69,840.47
2019-11-06 02:00:00,1,833.34,836.14,-275.25,-221.16,-223.55,868.57
2019-11-06 02:10:00,1,830.6,848.16,-276.62,-219.08,-225.69,843.4
2019-11-06 02:15:00,1,835.42,845.06,-268.51,-216.77,-217.38,867.95
2019-11-06 02:20:00,1,836.33,853.88,-262.75,-212.59,-217.99,860.37
2019-11-06 02:25:00,1,820.73,839.25,-264.05,-212.37,-212.93,839.08
2019-11-06 02:40:00,1,825.87,839.64,-269.46,-217.37,-221.77,847.99
2019-11-06 02:45:00,1,831.32,844.49,-269.38,-213.42,-219.72,855.66
2019-11-06 02:50:00,1,824.58,840.9,-264.64,-218.2,-216.74,840.27
2019-11-06 02:55:00,1,819.68,831.91,-276.94,-221.62,-223.45,841.51
2019-11-06 03:00:00,1,831.53,836.97,-280.42,-222.78,-228.15,866.83
2019-11-06 03:05:00,1,815.65,823.48,-284.12,-227.66,-235.49,829.33
2019-11-06 03:15:00,1,819.21,817.66,-262.98,-208.24,-213.89,834.56
2019-11-06 03:20:00,1,819.77,820.07,-287.74,-226.8,-232.54,834.41
2019-11-06 03:25:00,1,820.45,820.07,-297.67,-239.92,-246.39,839.88
2019-11-06 03:30:00,1,826.31,823.28,-285.85,-227.11,-235.67,846.25
2019-11-06 03:35:00,1,828.99,826.64,-271.77,-220.67,-220.69,849.11
2019-11-06 03:40:00,1,824.67,827.55,-298.43,-237.47,-246.65,842.51
2019-11-06 03:45:00,1,820.59,820.83,-293.77,-234.67,-241.13,839.25
2019-11-06 03:50:00,1,821.09,819.65,-281.03,-223.82,-230.43,838.6
2019-11-06 03:55:00,1,821.34,819.21,-276.67,-222.06,-234.95,835.74
2019-11-06 04:00:00,1,820.99,819.52,-291.27,-236.66,-237.9,836.45
2019-11-06 04:05:00,1,823.28,820.02,-289.38,-230.28,-235.44,843.06
2019-11-06 04:10:00,1,829.59,822.6,-269.77,-213.09,-218.07,850.91
2019-11-06 04:15:00,1,843.59,836.66,-278.4,-213.92,-227.03,877.56
2019-11-06 04:20:00,1,823.34,824.77,-286.26,-232.44,-232.91,838.84
2019-11-06 04:25:00,1,825.88,825.82,-279.88,-220.16,-225.4,847.31
2019-11-06 04:30:00,1,826.71,826.24,-275.23,-219.08,-225.91,845.72
2019-11-06 04:35:00,1,826.43,826.36,-266.41,-203.88,-215.82,843.95
2019-11-06 04:40:00,1,828.18,830.69,-278.58,-222.35,-227.71,847.85
2019-11-06 04:45:00,1,827.59,830.0,-287.26,-227.63,-234.67,849.98
2019-11-06 04:50:00,1,832.35,832.29,-281.81,-220.9,-226.18,861.4
2019-11-06 04:55:00,1,835.03,835.87,-276.27,-217.59,-224.71,866.43
2019-11-06 05:00:00,1,823.68,826.88,-295.31,-238.75,-243.53,839.98
2019-11-06 05:05:00,1,824.6,825.77,-291.75,-233.48,-238.7,842.95
2019-11-06 05:10:00,1,837.32,830.94,-265.99,-206.61,-206.72,866.52
2019-11-06 05:15:00,1,831.89,834.83,-270.16,-217.93,-218.19,852.82
2019-11-06 05:20:00,1,820.65,822.94,-294.13,-236.89,-239.49,837.07
2019-11-06 05:25:00,1,823.24,822.37,-278.69,-223.54,-221.38,844.81
2019-11-06 05:35:00,1,832.99,838.09,-277.58,-220.19,-226.41,853.76
2019-11-06 05:40:00,1,824.72,828.08,-277.09,-217.83,-226.97,844.31
2019-11-06 05:45:00,1,826.85,828.15,-260.84,-205.75,-210.65,849.8
2019-11-06 05:50:00,1,826.5,828.55,-273.91,-222.71,-216.74,846.97
2019-11-06 06:00:00,1,830.42,835.92,-300.64,-238.43,-242.74,858.47
2019-11-06 06:05:00,1,826.66,832.55,-282.69,-228.3,-237.96,850.87
2019-11-06 06:10:00,1,825.74,831.82,-287.04,-234.47,-230.68,848.47
2019-11-06 06:15:00,1,826.84,832.56,-284.18,-226.36,-235.05,853.92
2019-11-06 06:20:00,1,826.23,832.87,-277.72,-219.41,-226.95,853.34
2019-11-06 06:25:00,1,828.27,834.21,-285.11,-229.28,-230.26,857.35
2019-11-06 06:30:00,1,831.07,842.34,-285.88,-227.8,-235.36,863.79
2019-11-06 06:35:00,1,826.36,837.63,-282.47,-232.02,-229.73,853.36
2019-11-06 06:40:00,1,824.75,836.33,-289.57,-230.84,-237.14,851.87
2019-11-06 06:45:00,1,825.17,832.07,-298.41,-244.06,-239.11,847.86
2019-11-06 06:50:00,1,824.69,830.0,-279.14,-216.32,-225.21,849.26
2019-11-06 06:55:00,1,823.92,827.61,-292.19,-230.43,-235.57,846.03
2019-11-06 07:00:00,1,830.06,830.69,-296.4,-238.45,-239.53,856.39
2019-11-06 07:05:00,1,834.26,835.43,-299.95,-243.27,-235.87,861.51
2019-11-06 07:10:00,1,825.89,831.87,-288.56,-233.78,-234.56,843.05
2019-11-06 07:15:00,1,823.51,822.39,-296.9,-234.85,-239.57,840.07
2019-11-06 07:50:00,1,847.55,831.34,-292.56,-232.59,-236.03,881.18
2019-11-06 07:55:00,1,839.1,827.09,-306.73,-246.63,-252.47,853.33
2019-11-06 08:00:00,1,842.75,828.26,-302.31,-242.01,-246.98,864.05
2019-11-06 08:05:00,1,838.36,825.76,-294.15,-237.92,-239.68,851.65
2019-11-06 08:10:00,1,843.91,826.14,-302.49,-234.04,-247.09,868.96
2019-11-06 08:15:00,1,835.76,821.84,-300.2,-240.85,-241.21,847.2
2019-11-06 08:20:00,1,836.32,820.57,-295.34,-235.54,-234.0,850.79
2019-11-06 08:25:00,1,843.24,824.37,-277.88,-218.67,-220.08,860.72
2019-11-06 08:30:00,1,846.81,827.7,-290.86,-234.79,-237.14,870.27
2019-11-06 08:35:00,1,843.36,827.0,-290.33,-228.04,-237.94,859.66
2019-11-06 08:40:00,1,839.97,824.84,-291.52,-233.55,-233.29,853.84
2019-11-06 08:50:00,1,838.81,832.59,-294.11,-231.59,-240.8,843.47
2019-11-06 08:55:00,1,836.11,823.43,-292.15,-231.39,-236.95,844.32
2019-11-06 09:00:00,1,836.6,825.35,-303.35,-241.68,-251.13,844.69
2019-11-06 09:05:00,1,841.4,823.99,-299.23,-237.05,-243.26,856.46
2019-11-06 09:15:00,1,834.03,820.27,-298.61,-235.98,-246.57,839.85
2019-11-06 09:50:00,1,832.65,819.66,-308.35,-248.6,-256.56,839.85
2019-11-06 09:55:00,1,832.63,820.2,-316.06,-256.22,-260.56,842.14
2019-11-06 10:50:00,1,822.35,818.64,-302.54,-244.55,-248.98,834.12
2019-11-06 10:55:00,1,824.47,819.83,-290.09,-227.34,-239.98,834.82
2019-11-06 11:00:00,1,824.35,820.5,-305.35,-240.62,-252.59,832.88
2019-11-06 11:05:00,1,821.68,821.36,-297.48,-237.51,-245.63,831.44
2019-11-06 11:10:00,1,827.63,826.23,-285.52,-228.53,-236.98,843.1
2019-11-06 11:15:00,1,821.24,826.83,-278.07,-222.91,-232.76,834.38
2019-11-06 11:20:00,1,823.95,827.97,-278.43,-225.55,-231.01,842.08
2019-11-06 11:25:00,1,822.96,828.9,-275.4,-222.0,-229.32,838.75
2019-11-06 11:30:00,1,826.17,831.18,-281.27,-224.83,-231.67,844.1
2019-11-06 11:35:00,1,825.75,830.0,-280.81,-225.65,-230.08,840.73
2019-11-06 11:40:00,1,824.79,827.14,-285.83,-231.66,-236.3,839.21
2019-11-06 11:45:00,1,828.54,826.21,-289.54,-231.3,-239.83,842.37
2019-11-06 11:50:00,1,830.38,826.43,-292.7,-236.67,-243.15,843.21
2019-11-06 11:55:00,1,833.92,828.89,-286.15,-228.43,-230.39,846.03
2019-11-06 12:00:00,1,837.02,832.28,-278.6,-222.89,-232.5,851.1
2019-11-06 12:05:00,1,844.48,841.95,-276.42,-225.21,-226.47,866.11
2019-11-06 12:10:00,1,838.08,840.77,-278.08,-223.25,-232.93,847.08
2019-11-06 12:15:00,1,837.52,840.13,-275.31,-218.04,-230.28,851.96
2019-11-06 12:20:00,1,829.93,837.87,-264.65,-216.89,-220.19,839.46
2019-11-06 12:25:00,1,829.51,837.93,-270.18,-217.43,-224.29,841.49
2019-11-06 12:30:00,1,833.84,840.48,-264.27,-216.81,-219.8,852.04
2019-11-06 13:00:00,1,834.25,851.59,-255.99,-204.05,-211.61,853.17
2019-11-06 14:35:00,1,845.34,886.69,-268.19,-219.12,-217.57,871.29
2019-11-06 21:35:00,1,846.57,868.4,-281.73,-225.28,-222.32,877.93
2019-11-06 21:40:00,1,842.98,858.73,-277.41,-225.41,-217.07,869.54
2019-11-06 22:20:00,1,844.13,852.51,-276.22,-232.39,-219.84,875.32
2019-11-08 03:15:00,1,860.82,871.58,-273.25,-224.71,-218.11,880.08
2019-11-08 08:35:00,1,851.46,889.46,-264.12,-219.87,-213.99,886.9
2019-11-08 09:00:00,1,846.39,886.86,-265.27,-226.03,-212.07,873.06
2019-11-08 13:50:00,1,843.1,859.98,-280.23,-234.91,-219.96,861.66
2019-11-08 13:55:00,1,852.68,856.45,-277.26,-223.49,-224.24,876.93
2019-11-08 14:10:00,1,860.17,862.74,-274.2,-229.04,-218.74,880.49
2019-11-08 14:30:00,1,795.64,830.58,-290.09,-254.59,-246.31,804.17
2019-11-08 14:35:00,1,882.34,811.03,-255.76,-225.88,-219.6,781.73
2019-11-08 14:40:00,1,882.34,793.01,-235.19,-203.83,-195.64,772.32
2019-11-09 06:15:00,1,853.56,843.38,-270.89,-219.28,-214.22,861.54
2019-11-09 06:20:00,1,845.5,835.2,-268.84,-222.34,-218.56,853.52
2019-11-09 06:25:00,1,851.48,830.41,-267.3,-215.38,-213.11,867.9
2019-11-09 06:45:00,1,849.48,839.41,-257.68,-207.85,-214.65,866.62
2019-11-09 13:40:00,1,845.41,857.95,-276.18,-227.37,-217.05,850.56
2019-11-09 19:50:00,1,860.25,849.04,-283.61,-235.68,-226.91,869.98
2019-11-10 04:05:00,1,860.21,837.32,-272.51,-225.67,-221.15,881.56
2019-11-10 06:00:00,1,851.34,846.09,-273.39,-226.59,-216.28,874.68
2019-11-10 13:20:00,1,861.63,864.91,-276.09,-198.24,-217.02,879.06
2019-11-10 20:25:00,1,859.25,820.32,-270.78,-224.36,-217.27,875.78
2019-11-10 20:35:00,1,856.85,816.5,-275.87,-231.51,-217.62,864.22
2019-11-10 20:40:00,1,876.23,817.29,-275.32,-231.38,-217.27,891.45
2019-11-10 20:50:00,1,861.57,824.04,-275.0,-230.53,-217.38,897.44
2019-11-11 09:05:00,1,845.71,814.24,-263.04,-226.02,-211.02,891.33
2019-11-11 10:25:00,1,918.64,819.82,-259.87,-219.19,-202.01,906.13
2019-11-11 15:35:00,1,847.17,838.57,-282.4,-240.66,-223.68,890.4
2019-11-11 15:50:00,1,832.69,833.7,-273.9,-225.28,-219.81,881.51
2019-11-11 15:55:00,1,866.57,830.07,-274.86,-234.77,-217.06,878.32
2019-11-11 17:15:00,1,855.27,837.79,-282.46,-248.21,-227.59,872.61
2019-11-12 05:40:00,1,854.91,828.45,-271.9,-237.83,-216.2,881.44
2019-11-12 06:00:00,1,909.31,815.73,-272.92,-236.86,-219.54,869.96
2019-11-12 06:10:00,1,940.18,818.79,-254.03,-211.01,-200.16,881.34
2019-11-12 06:25:00,1,935.58,819.61,-260.7,-217.77,-206.96,881.35
2019-11-17 01:00:00,1,851.39,888.84,-269.39,-214.05,-215.91,868.15
2019-11-17 16:50:00,1,851.15,878.86,-270.88,-221.46,-216.68,881.87
2019-11-17 20:00:00,1,851.58,852.68,-271.64,-236.64,-211.14,878.85
2019-11-18 02:05:00,1,844.64,898.99,-262.33,-225.63,-209.9,865.39
2019-11-18 02:10:00,1,827.26,870.52,-267.87,-224.79,-211.07,864.45
2019-11-18 19:40:00,1,836.54,876.65,-284.84,-239.2,-218.41,865.66
2019-11-19 00:45:00,1,830.2,902.96,-243.21,-207.47,-213.35,869.6
2019-11-19 09:50:00,1,858.85,858.98,-270.09,-230.51,-221.25,875.49
2019-11-19 10:05:00,1,853.41,852.3,-268.14,-231.05,-217.53,869.66
2019-11-19 13:05:00,1,841.94,857.9,-261.95,-230.57,-212.39,862.79
2019-11-20 05:40:00,1,836.53,842.57,-168.08,-142.76,-129.13,840.1
2019-11-20 05:45:00,1,851.39,841.6,-178.53,-144.04,-138.35,865.21
2019-11-20 12:55:00,1,860.82,842.95,-273.9,-230.12,-221.71,857.07
2019-11-20 13:00:00,1,862.92,843.69,-283.47,-238.72,-228.68,859.48
2019-11-20 13:05:00,1,866.34,845.88,-275.61,-228.0,-224.67,870.86
2019-11-20 13:10:00,1,856.26,842.16,-287.88,-243.2,-231.82,852.76
2019-11-20 13:15:00,1,862.79,841.98,-286.76,-236.77,-230.36,862.8
2019-11-20 13:20:00,1,860.44,843.01,-285.61,-231.25,-230.31,865.19
2019-11-20 14:40:00,1,858.41,857.13,-279.56,-231.03,-224.47,867.89
2019-11-20 14:45:00,1,865.24,855.04,-282.14,-235.48,-219.94,874.6
2019-11-20 15:40:00,1,864.77,867.97,-272.39,-227.8,-219.4,881.47
2019-11-21 13:35:00,1,898.24,869.26,-261.32,-165.75,-211.08,900.52
2019-11-21 14:30:00,1,855.63,864.85,-271.97,-196.85,-213.58,859.83
2019-12-27 09:35:00,1,856.19,869.68,-271.0,-234.9,-215.42,853.73
2020-01-08 10:45:00,1,865.94,895.5,-267.4,-271.18,-207.77,779.24
2020-01-10 05:30:00,1,893.46,902.22,-261.67,-253.58,-204.39,819.1
2020-01-10 11:30:00,1,903.12,914.6,-253.6,-257.68,-202.04,798.87
2020-01-16 05:45:00,1,868.18,862.83,-269.48,-254.51,-216.8,867.96
2020-01-18 10:35:00,1,867.4,856.95,-276.16,-251.82,-217.65,861.58
2020-01-18 11:00:00,1,871.03,851.35,-264.79,-260.16,-214.9,868.22
2020-01-18 12:15:00,1,868.17,856.46,-270.61,-252.73,-218.78,865.04
2020-01-18 19:50:00,1,863.38,854.82,-274.38,-257.07,-213.08,859.85
2020-01-19 19:00:00,1,867.6,857.39,-273.19,-243.09,-223.71,867.98
2020-01-19 20:30:00,1,862.67,854.43,-274.21,-264.14,-218.42,864.81
2020-01-19 21:10:00,1,860.16,847.75,-268.67,-245.54,-214.69,856.21
2020-01-19 21:15:00,1,864.21,847.95,-270.24,-247.38,-216.09,859.27
2020-01-19 21:25:00,1,868.16,853.39,-271.82,-260.9,-218.42,866.63
2020-01-19 21:35:00,1,863.83,846.8,-266.64,-256.76,-214.42,858.97
2020-01-19 21:40:00,1,862.52,844.97,-266.62,-246.49,-214.71,858.61
2020-01-19 21:45:00,1,861.74,842.42,-271.93,-256.22,-220.36,855.87
2020-01-19 21:50:00,1,864.63,845.66,-271.63,-246.03,-218.26,859.05
2020-01-21 02:45:00,1,859.61,851.02,-276.54,-254.81,-224.79,855.15
2020-01-22 03:40:00,1,875.48,866.72,-273.57,-191.56,-219.57,883.79
2020-01-22 03:45:00,1,881.96,869.11,-270.78,-180.62,-217.48,894.61
2020-01-22 04:10:00,1,877.15,869.21,-274.83,-180.65,-223.59,886.15
2020-01-22 04:25:00,1,873.9,864.12,-274.27,-201.85,-220.61,875.83
2020-01-22 04:35:00,1,875.49,864.66,-273.8,-184.95,-219.95,880.29
2020-01-22 05:00:00,1,876.19,865.11,-273.84,-192.68,-230.56,882.37
2020-01-25 17:25:00,1,869.35,856.96,-272.9,-250.64,-214.09,866.09
2020-01-27 03:55:00,1,863.66,861.06,-276.17,-237.7,-219.99,863.9
2020-01-29 04:05:00,1,843.02,816.96,-148.77,-133.4,-137.0,839.43
2020-01-29 09:15:00,1,861.12,861.86,-272.47,-228.3,-217.22,857.92
2020-01-30 18:15:00,1,891.82,894.79,-253.59,-132.16,-214.06,921.87
2020-01-31 10:10:00,1,892.15,895.17,-262.54,-135.98,-213.2,917.42
2020-01-31 11:40:00,1,885.26,895.51,-260.61,-142.22,-214.14,904.83
2020-01-31 11:45:00,1,875.69,874.54,-261.97,-142.26,-212.77,885.06
2020-01-31 11:55:00,1,893.97,881.35,-260.07,-143.08,-207.36,916.2
2020-01-31 12:00:00,1,889.79,882.97,-262.39,-144.6,-213.04,902.77
2020-01-31 12:10:00,1,887.49,891.04,-271.9,-151.53,-218.24,903.84
2020-02-05 11:55:00,1,907.86,876.6,-256.17,-138.55,-205.54,899.81
2020-02-12 23:00:00,1,862.57,856.66,-284.38,-224.89,-234.28,858.9
2020-02-15 10:45:00,1,865.55,868.33,-272.53,-232.56,-216.72,864.11
2020-02-16 14:20:00,1,867.52,862.93,-272.47,-227.2,-215.45,861.74
2020-02-16 16:25:00,1,870.05,864.48,-276.84,-235.54,-218.92,869.98
2020-02-16 16:30:00,1,868.88,862.98,-277.74,-233.51,-220.56,867.95
2020-02-16 16:45:00,1,867.39,859.32,-269.75,-226.66,-219.76,862.34
2020-02-16 17:45:00,1,863.19,856.76,-272.3,-236.35,-218.66,858.57
2020-02-16 22:10:00,1,864.78,859.84,-283.23,-234.86,-228.0,860.15
2020-02-17 14:10:00,1,882.34,791.57,-176.99,-153.59,-150.18,844.94
2020-02-17 14:15:00,1,848.72,819.63,-179.74,-154.34,-144.3,816.75
2020-02-19 18:40:00,1,869.17,871.25,-276.48,-223.98,-225.11,858.02
2020-02-19 21:35:00,1,858.17,852.07,-268.01,-220.73,-221.78,844.89
2020-02-29 01:15:00,1,887.87,877.05,-272.11,-182.19,-214.49,889.87
2020-03-02 18:25:00,1,858.46,857.1,-177.79,-146.49,-140.7,842.4
2020-03-07 21:10:00,1,897.97,893.0,-305.91,-226.89,-236.15,754.91
2020-03-07 21:20:00,1,901.27,895.33,-295.98,-222.91,-226.4,765.29
2020-03-08 08:00:00,1,905.86,896.74,-304.66,-232.74,-235.16,771.1
2020-03-09 00:10:00,1,871.24,861.24,-284.63,-217.04,-220.79,866.12
2020-03-20 15:10:00,1,870.18,867.9,-268.88,-254.32,-213.88,858.59
2020-03-22 16:45:00,1,853.0,839.98,-274.66,-264.35,-219.42,844.31
2020-03-22 16:50:00,1,842.03,831.41,-258.4,-249.8,-207.9,831.39
2020-03-22 17:05:00,1,855.63,835.7,-254.19,-247.21,-214.61,847.22
2020-03-22 17:10:00,1,855.4,837.7,-267.68,-262.85,-226.23,849.62
2020-03-22 17:15:00,1,859.06,843.1,-265.47,-261.44,-219.39,852.49
2020-03-22 17:20:00,1,858.48,845.12,-271.16,-260.4,-229.09,855.11
2020-03-22 17:25:00,1,859.53,844.99,-270.69,-265.93,-227.82,854.44
2020-03-22 17:30:00,1,858.03,843.02,-271.71,-264.25,-230.84,851.22
2020-03-22 17:35:00,1,866.41,852.15,-271.03,-258.55,-224.87,863.05
2020-05-02 02:00:00,1,850.05,818.76,-154.36,-159.6,-137.4,844.42
2020-05-02 02:45:00,1,846.57,820.93,-159.37,-161.02,-139.97,843.26
2020-05-02 02:50:00,1,853.68,826.07,-160.1,-164.53,-143.12,849.59
2020-05-02 03:00:00,1,854.35,845.35,-151.87,-160.95,-135.92,854.7
2020-05-02 13:55:00,1,819.89,796.8,-178.34,-176.39,-151.63,816.89
2020-05-02 14:50:00,1,833.52,813.05,-211.08,-214.51,-185.65,828.71
2020-05-02 14:55:00,1,838.92,812.04,-233.0,-241.12,-209.31,835.64
2020-05-02 15:00:00,1,841.21,819.8,-245.43,-250.49,-214.8,837.86
2020-05-04 14:40:00,1,814.08,842.29,-165.37,-165.55,-136.22,839.6
2020-05-04 14:50:00,1,882.34,791.79,-167.7,-151.18,-141.33,812.41
2020-05-04 14:55:00,1,854.82,818.0,-184.17,-143.31,-156.1,830.11
2020-05-05 17:15:00,1,857.52,859.64,-254.25,-254.95,-220.2,854.87
2020-05-10 21:55:00,1,866.52,869.9,-269.35,-243.2,-217.94,859.09
2020-05-12 17:40:00,1,866.55,870.18,-273.28,-240.06,-218.13,858.0
2020-05-12 17:50:00,1,868.54,872.12,-279.58,-238.91,-217.57,859.26
2020-05-12 18:25:00,1,807.38,822.87,-185.34,-171.37,-151.31,799.98
2020-05-14 17:55:00,1,887.07,899.97,-268.07,-164.77,-217.99,887.64
2020-05-14 18:05:00,1,885.42,894.02,-264.57,-163.57,-216.24,886.29
2020-05-14 18:10:00,1,883.98,889.72,-268.21,-147.19,-210.36,881.65
2020-05-14 18:25:00,1,880.74,879.39,-288.04,-171.59,-236.1,869.61
2020-05-14 19:45:00,1,882.3,907.18,-266.53,-161.27,-214.04,875.24
2020-05-15 20:00:00,1,902.29,925.73,-247.0,-169.8,-208.07,885.18
2020-05-15 23:45:00,1,895.57,915.05,-260.7,-169.52,-207.05,886.3
2020-05-17 05:55:00,1,868.95,874.06,-276.61,-231.43,-222.22,859.53
2020-05-17 11:00:00,1,791.2,797.17,-215.26,-198.48,-169.39,802.35
2020-05-17 21:05:00,1,882.34,871.35,-162.45,-119.04,-141.43,759.54
2020-05-18 06:00:00,1,879.5,882.29,-268.69,-179.68,-218.83,876.14
2020-05-18 11:30:00,1,881.22,888.52,-264.47,-170.58,-216.98,882.01
2020-05-18 11:45:00,1,866.97,869.14,-275.52,-185.26,-225.09,857.05
2020-05-18 12:25:00,1,886.7,893.18,-265.44,-176.02,-218.82,889.76
2020-05-19 23:55:00,1,877.32,881.64,-267.88,-181.85,-222.72,867.28
2020-05-21 20:15:00,1,870.71,872.01,-273.03,-191.67,-222.19,861.77
2020-05-21 21:00:00,1,878.37,884.91,-271.86,-192.91,-225.76,867.11
2020-05-26 15:45:00,1,871.83,874.55,-277.83,-198.14,-228.91,858.9
2020-05-26 18:15:00,1,885.46,898.32,-264.85,-188.52,-218.18,879.99
2020-05-29 13:55:00,1,895.4,900.1,-263.38,-157.01,-214.02,879.18
2020-05-29 14:30:00,1,900.8,916.04,-254.49,-155.74,-207.85,873.72
2020-05-29 14:35:00,1,905.49,910.67,-247.25,-149.18,-203.15,917.16
2020-05-30 15:25:00,1,901.26,918.17,-259.89,-130.77,-210.95,906.52
2020-05-31 01:15:00,1,879.38,890.83,-268.39,-212.94,-217.47,861.8
2020-05-31 04:35:00,1,889.97,907.01,-266.82,-152.09,-206.82,876.02
2020-05-31 06:05:00,1,893.88,907.45,-261.11,-177.23,-211.22,876.5
2020-06-15 23:45:00,1,866.31,858.17,-271.57,-238.34,-220.33,858.13
2020-06-17 14:40:00,1,872.44,859.9,-268.94,-251.84,-220.89,864.89
2020-06-17 14:45:00,1,870.77,855.74,-270.33,-259.49,-219.74,859.35
2020-06-19 09:10:00,1,868.92,859.74,-273.72,-257.93,-221.05,854.06
2020-06-25 16:25:00,1,881.97,874.92,-275.94,-203.6,-225.71,870.1
2020-06-25 17:50:00,1,879.28,871.02,-288.58,-195.24,-234.37,855.46
2020-06-29 02:30:00,1,877.07,872.37,-260.79,-154.0,-213.89,881.43
2020-06-29 02:40:00,1,873.45,868.43,-268.64,-177.41,-216.89,875.4
2020-06-29 11:25:00,1,890.31,889.61,-270.29,-163.83,-217.56,890.23
2020-06-29 12:20:00,1,890.12,885.95,-272.77,-172.56,-219.36,884.71
2020-06-30 17:25:00,1,871.65,871.22,-275.22,-248.8,-216.33,853.63
2020-07-02 03:10:00,1,881.71,881.92,-265.76,-209.76,-222.78,863.98
2020-07-02 08:25:00,1,879.32,878.92,-279.47,-177.9,-225.73,861.26
2020-07-02 08:35:00,1,889.63,891.32,-277.36,-152.57,-224.36,880.07
2020-07-02 09:40:00,1,890.08,892.95,-268.93,-145.37,-216.83,882.0
2020-07-06 10:05:00,1,878.28,884.75,-264.45,-178.81,-217.32,872.68
2020-07-06 12:30:00,1,883.63,889.72,-267.59,-180.22,-217.53,875.01
2020-07-06 12:45:00,1,881.62,887.48,-265.79,-166.77,-218.4,876.37
2020-07-06 12:55:00,1,889.26,895.72,-269.2,-169.39,-220.94,887.32
2020-07-06 14:15:00,1,889.2,895.66,-265.8,-165.84,-216.49,894.72
2020-07-06 15:25:00,1,887.97,893.11,-268.03,-170.39,-216.38,886.01
2020-07-06 15:45:00,1,886.85,891.58,-267.63,-171.93,-219.77,885.31
2020-07-06 16:00:00,1,888.61,891.31,-267.11,-167.61,-213.97,900.0
2020-07-06 16:15:00,1,883.81,888.81,-271.01,-163.83,-219.32,885.32
2020-07-06 16:20:00,1,883.62,885.74,-266.82,-165.84,-217.64,885.73
2020-07-06 16:30:00,1,882.14,884.48,-272.65,-171.44,-222.4,878.6
2020-07-06 16:35:00,1,884.72,886.4,-277.81,-171.61,-226.63,883.91
2020-07-06 16:40:00,1,879.93,880.08,-275.58,-167.68,-226.06,875.7
2020-07-06 16:45:00,1,880.76,880.14,-280.75,-174.95,-229.95,877.05
2020-07-06 16:50:00,1,878.61,877.04,-271.97,-168.28,-225.66,873.52
2020-07-06 16:55:00,1,882.21,878.87,-275.57,-169.29,-224.53,879.69
2020-07-06 17:00:00,1,882.91,881.23,-277.14,-173.62,-225.57,880.52
2020-07-06 17:05:00,1,878.73,876.97,-271.81,-168.46,-222.91,870.56
2020-07-06 17:10:00,1,878.64,876.22,-271.42,-165.0,-220.96,873.44
2020-07-06 17:15:00,1,877.14,873.11,-274.22,-170.21,-219.58,867.07
2020-07-06 17:20:00,1,876.72,869.67,-276.66,-173.34,-222.0,865.98
2020-07-06 17:25:00,1,881.43,873.87,-280.08,-172.17,-230.57,875.76
2020-07-06 17:30:00,1,885.7,879.99,-271.31,-169.58,-220.75,882.43
2020-07-06 17:35:00,1,886.57,880.74,-275.27,-171.26,-222.25,876.98
2020-07-06 17:45:00,1,883.99,878.05,-276.84,-175.27,-224.44,877.16
2020-07-06 17:50:00,1,879.21,873.67,-284.09,-180.99,-231.91,871.29
2020-07-06 17:55:00,1,879.98,874.46,-279.98,-173.01,-226.68,871.51
2020-07-06 18:00:00,1,882.25,876.03,-276.77,-170.92,-221.8,873.93
2020-07-06 18:05:00,1,882.06,875.7,-282.26,-179.92,-227.31,875.21
2020-07-06 18:10:00,1,879.03,873.53,-279.56,-178.57,-227.09,867.99
2020-07-06 18:15:00,1,884.61,877.49,-277.24,-170.48,-225.64,879.06
2020-07-06 18:35:00,1,881.86,880.34,-270.2,-174.83,-218.38,873.58
2020-07-06 18:40:00,1,877.27,873.19,-273.68,-174.77,-222.03,864.97
2020-07-06 18:45:00,1,883.23,878.4,-269.27,-174.31,-219.58,878.94
2020-07-06 18:50:00,1,884.15,879.95,-271.78,-174.95,-220.85,878.63
2020-07-06 18:55:00,1,885.13,878.39,-270.31,-173.02,-219.48,880.31
2020-07-06 19:00:00,1,882.76,877.98,-276.32,-169.82,-223.81,871.98
2020-07-06 19:05:00,1,885.59,881.23,-270.07,-171.37,-219.12,883.7
2020-07-06 19:10:00,1,884.14,880.19,-266.12,-169.41,-214.77,878.19
2020-07-06 19:15:00,1,880.44,877.56,-270.98,-173.36,-219.75,871.66
2020-07-06 19:20:00,1,879.49,875.26,-274.27,-173.4,-221.85,872.39
2020-07-06 19:25:00,1,879.86,874.97,-275.18,-165.49,-221.58,869.35
2020-07-06 19:30:00,1,883.34,878.88,-279.97,-173.39,-227.59,877.92
2020-07-06 19:35:00,1,885.62,881.57,-278.39,-173.51,-229.47,882.89
2020-07-06 19:40:00,1,879.36,876.1,-281.14,-179.61,-229.19,869.9
2020-07-06 19:45:00,1,880.64,876.77,-274.37,-172.56,-223.51,871.54
2020-07-06 22:50:00,1,879.58,880.67,-282.61,-192.7,-223.41,870.33
2020-07-06 23:15:00,1,887.37,889.8,-275.06,-169.3,-221.8,879.91
2020-07-06 23:40:00,1,880.19,882.61,-276.27,-178.97,-224.48,871.93
2020-07-06 23:45:00,1,878.9,878.43,-283.3,-178.26,-230.37,871.57
2020-07-07 00:00:00,1,884.59,885.01,-274.81,-177.91,-222.44,879.1
2020-07-07 00:15:00,1,880.59,880.6,-279.22,-188.23,-225.74,871.23
2020-07-07 00:20:00,1,875.5,875.48,-274.27,-177.81,-222.79,865.16
2020-07-07 00:25:00,1,883.05,880.73,-276.89,-179.93,-224.1,879.87
2020-07-07 00:30:00,1,887.49,884.59,-271.46,-183.35,-218.12,884.43
2020-07-07 00:40:00,1,878.92,879.3,-276.95,-186.87,-223.51,867.06
2020-07-07 01:15:00,1,878.53,879.25,-276.13,-177.01,-225.58,875.07
2020-07-07 01:35:00,1,878.86,881.88,-276.78,-176.39,-229.02,869.8
2020-07-07 01:45:00,1,877.3,879.72,-279.24,-181.28,-226.38,868.55
2020-07-07 02:05:00,1,881.23,883.05,-277.24,-180.29,-231.75,875.28
2020-07-07 02:10:00,1,880.68,881.97,-275.85,-182.96,-222.1,875.32
2020-07-07 02:15:00,1,884.01,883.73,-272.2,-176.56,-224.63,880.65
2020-07-07 02:30:00,1,884.81,885.38,-274.83,-178.77,-226.18,882.82
2020-07-07 02:40:00,1,875.62,876.5,-286.21,-183.91,-234.87,868.25
2020-07-07 02:45:00,1,875.22,873.79,-276.31,-179.48,-224.55,870.09
2020-07-07 02:50:00,1,874.88,873.42,-272.54,-175.82,-226.75,869.45
2020-07-07 02:55:00,1,876.64,874.08,-274.7,-176.96,-218.98,872.67
2020-07-07 03:00:00,1,875.31,874.87,-278.43,-181.48,-227.47,870.18
2020-07-07 03:05:00,1,876.26,874.42,-273.78,-177.41,-220.9,869.6
2020-07-07 03:10:00,1,877.48,876.34,-269.78,-169.78,-218.73,873.4
2020-07-07 03:15:00,1,877.57,878.1,-280.79,-185.52,-226.41,873.51
2020-07-07 03:20:00,1,872.47,873.41,-283.67,-187.38,-228.98,864.36
2020-07-07 03:25:00,1,872.52,871.75,-281.57,-179.37,-225.78,865.54
2020-07-07 03:30:00,1,874.08,872.04,-275.97,-181.55,-221.89,865.72
2020-07-07 03:35:00,1,874.82,872.91,-274.66,-181.47,-219.34,868.38
2020-07-07 03:40:00,1,878.42,877.16,-276.25,-185.08,-224.37,875.94
2020-07-07 03:45:00,1,877.32,877.77,-276.51,-180.55,-228.24,873.54
2020-07-07 03:50:00,1,872.51,872.75,-280.69,-189.39,-229.82,865.09
2020-07-07 05:00:00,1,877.52,875.74,-281.54,-190.71,-231.79,871.52
2020-07-07 05:05:00,1,878.31,876.63,-276.8,-185.04,-224.8,869.43
2020-07-07 05:30:00,1,885.66,887.32,-274.08,-173.68,-222.45,880.9
2020-07-07 05:45:00,1,882.38,885.86,-271.46,-180.98,-222.9,879.3
2020-07-07 06:00:00,1,881.48,885.57,-274.12,-187.44,-223.96,877.44
2020-07-07 07:25:00,1,877.52,880.76,-279.9,-177.8,-227.97,874.04
2020-07-07 07:40:00,1,881.71,882.44,-275.84,-172.87,-225.52,884.35
2020-07-07 07:55:00,1,881.67,885.28,-273.17,-173.57,-225.11,875.59
2020-07-07 08:10:00,1,880.62,883.7,-271.32,-177.3,-222.6,879.49
2020-07-07 08:20:00,1,879.86,885.22,-270.53,-174.57,-222.08,873.74
2020-07-07 08:35:00,1,880.09,882.44,-266.63,-169.16,-221.86,874.05
2020-07-07 08:50:00,1,882.11,882.4,-272.09,-171.14,-221.33,884.78
2020-07-07 09:00:00,1,874.44,877.58,-271.52,-168.6,-221.81,865.72
2020-07-07 09:05:00,1,887.85,887.2,-269.35,-171.74,-221.56,894.0
2020-07-07 09:15:00,1,883.04,885.53,-266.14,-163.94,-218.02,879.16
2020-07-07 09:25:00,1,883.65,886.45,-275.53,-170.84,-224.82,883.04
2020-07-07 09:30:00,1,877.9,880.16,-274.51,-169.55,-224.12,874.7
2020-07-07 09:35:00,1,878.32,877.68,-270.4,-159.39,-219.99,874.06
2020-07-07 09:45:00,1,883.71,884.15,-275.96,-167.99,-225.65,879.69
2020-07-07 09:50:00,1,882.95,883.54,-279.35,-171.73,-230.9,882.02
2020-07-07 09:55:00,1,880.12,881.39,-274.94,-165.59,-223.76,874.16
2020-07-07 10:00:00,1,877.41,877.29,-280.73,-168.56,-229.37,871.25
2020-07-07 10:05:00,1,879.73,878.37,-275.18,-166.54,-225.28,876.78
2020-07-07 10:10:00,1,878.2,877.15,-278.64,-173.61,-228.31,873.0
2020-07-07 10:15:00,1,875.74,874.54,-278.52,-173.09,-231.72,869.58
2020-07-07 10:20:00,1,875.02,873.42,-288.33,-178.42,-238.67,867.11
2020-07-07 10:25:00,1,876.44,873.53,-283.13,-175.37,-233.46,870.99
2020-07-07 10:30:00,1,877.25,873.97,-285.99,-175.05,-236.58,871.57
2020-07-07 10:35:00,1,879.73,876.22,-278.56,-168.71,-227.17,875.49
2020-07-07 10:40:00,1,882.41,880.72,-277.3,-167.76,-228.76,882.82
2020-07-07 10:45:00,1,882.24,879.92,-273.86,-165.53,-223.36,876.04
2020-07-07 10:50:00,1,884.81,882.46,-279.03,-167.1,-221.85,882.78
2020-07-07 10:55:00,1,885.04,882.56,-275.91,-166.29,-224.59,884.77
2020-07-07 11:05:00,1,880.95,880.17,-278.5,-166.51,-224.75,872.29
2020-07-07 11:20:00,1,875.08,874.62,-270.17,-158.72,-220.83,863.76
2020-07-07 11:25:00,1,877.97,875.52,-287.17,-169.88,-232.08,873.94
2020-07-07 11:30:00,1,877.49,873.75,-278.45,-161.12,-225.99,873.86
2020-07-07 11:50:00,1,877.81,879.77,-277.71,-163.06,-226.34,868.96
2020-07-07 12:00:00,1,880.31,881.66,-280.18,-166.22,-230.95,875.72
2020-07-07 12:05:00,1,879.46,880.04,-282.91,-168.92,-234.16,876.2
2020-07-07 12:10:00,1,880.25,877.2,-280.67,-162.9,-230.83,879.16
2020-07-07 12:25:00,1,881.87,883.82,-283.65,-166.89,-229.95,877.48
2020-07-07 12:35:00,1,884.99,884.18,-282.4,-162.6,-232.44,880.48
2020-07-07 12:45:00,1,882.73,876.26,-280.75,-166.6,-226.29,881.69
2020-07-07 12:50:00,1,875.33,871.13,-292.3,-186.02,-236.28,864.41
2020-07-07 12:55:00,1,874.06,866.84,-285.71,-174.13,-234.96,863.77
2020-07-07 13:10:00,1,881.88,880.47,-282.93,-163.91,-228.94,877.13
2020-07-07 13:15:00,1,884.28,880.49,-279.88,-164.32,-231.38,883.09
2020-07-07 13:25:00,1,881.31,880.11,-279.61,-160.89,-226.11,877.01
2020-07-07 13:30:00,1,880.59,877.58,-279.32,-163.39,-227.24,874.22
2020-07-07 13:35:00,1,882.74,878.46,-283.04,-166.99,-232.33,879.33
2020-07-07 13:40:00,1,883.32,879.16,-285.86,-164.73,-232.47,882.51
2020-07-07 13:45:00,1,884.87,881.49,-283.41,-164.45,-228.75,881.65
2020-07-07 13:55:00,1,885.96,886.93,-277.5,-163.88,-226.4,886.0
2020-07-07 14:10:00,1,881.75,880.98,-282.62,-163.7,-230.0,882.47
2020-07-07 15:10:00,1,887.78,886.78,-274.75,-162.37,-228.38,888.93
2020-07-07 15:25:00,1,884.76,883.56,-277.79,-164.44,-226.19,886.8
2020-07-07 15:30:00,1,889.08,887.21,-275.04,-161.87,-224.04,893.21
2020-07-07 15:35:00,1,885.48,884.45,-274.01,-161.93,-226.47,886.0
2020-07-07 15:50:00,1,881.64,882.6,-279.58,-169.58,-229.57,880.7
2020-07-07 16:00:00,1,884.33,882.57,-281.09,-162.12,-225.44,883.49
2020-07-07 16:30:00,1,878.81,873.14,-273.59,-168.57,-224.11,878.48
2020-07-07 16:40:00,1,873.88,870.11,-283.2,-174.3,-231.37,864.18
2020-07-07 16:55:00,1,882.2,879.32,-278.1,-168.1,-227.81,882.79
2020-07-07 17:20:00,1,882.05,883.5,-280.87,-166.13,-229.33,881.4
2020-07-07 17:30:00,1,886.56,889.58,-277.93,-157.2,-227.37,887.87
2020-07-07 17:45:00,1,880.53,882.94,-281.92,-170.58,-233.71,878.97
2020-07-07 18:10:00,1,879.07,879.18,-281.51,-159.69,-226.2,880.08
2020-07-07 18:20:00,1,883.83,887.82,-276.2,-163.16,-226.38,883.38
2020-07-07 18:35:00,1,879.69,881.93,-271.06,-155.07,-221.02,873.79
2020-07-07 18:55:00,1,882.12,888.5,-273.68,-153.84,-222.34,876.58
2020-07-07 19:05:00,1,891.81,898.05,-264.23,-154.46,-217.53,901.39
2020-07-07 19:10:00,1,882.64,889.31,-266.13,-153.09,-216.19,898.59
2020-07-07 19:20:00,1,883.04,889.27,-268.97,-152.71,-221.36,884.22
2020-07-07 19:30:00,1,879.17,884.7,-266.04,-150.81,-214.9,877.51
2020-07-07 19:35:00,1,888.38,889.01,-267.17,-152.9,-219.61,900.28
2020-07-07 19:45:00,1,880.78,883.07,-272.36,-160.0,-222.26,878.44
2020-07-07 19:55:00,1,881.72,887.86,-262.91,-160.0,-216.53,880.8
2020-07-10 09:45:00,1,869.72,861.2,-265.11,-261.1,-214.8,859.47
2020-07-16 09:20:00,1,865.89,858.99,-280.17,-244.55,-225.15,861.89
2020-07-17 14:50:00,1,794.99,798.42,-215.26,-198.48,-169.39,784.28
2020-07-17 17:45:00,1,854.3,833.23,-169.29,-157.79,-138.77,846.78
2020-07-18 13:15:00,1,820.24,808.61,-162.42,-149.97,-137.94,824.89
2020-07-18 13:40:00,1,857.37,840.54,-151.79,-139.59,-127.13,811.91
2020-07-18 13:50:00,1,871.61,854.78,-165.76,-151.86,-139.46,843.37
2020-07-19 11:30:00,1,859.86,818.4,-266.8,-249.0,-219.76,844.3
2020-07-26 06:35:00,1,834.15,835.9,-183.71,-166.48,-131.86,817.86
2020-08-05 17:05:00,1,889.81,886.56,-263.53,-129.22,-209.45,912.52
2017-01-04 05:30:00,0,800.05,778.81,-87.79,-90.94,-64.97,844.06
2017-01-19 08:55:00,0,813.41,794.27,-100.83,-110.54,-79.46,857.58
2017-01-19 09:05:00,0,931.66,871.04,-65.99,-74.1,-169.39,1041.37
2017-01-20 04:40:00,0,795.99,764.69,-104.24,-116.99,-77.65,827.74
2017-01-22 23:45:00,0,961.26,913.04,-73.4,-80.48,-50.29,1018.56
2017-01-23 06:50:00,0,790.85,754.32,-57.3,-76.56,-49.88,955.21
2017-01-23 07:10:00,0,882.34,735.9,-56.68,-81.25,-59.25,946.57
2017-01-23 07:20:00,0,829.24,796.13,-55.04,-77.69,-51.87,932.3
2017-01-23 14:55:00,0,882.34,766.53,-64.89,-93.46,-64.11,1038.63
2017-01-23 15:00:00,0,809.0,789.24,-73.04,-86.9,-82.67,918.94
2017-01-25 16:20:00,0,795.35,800.56,-63.86,-76.92,-169.39,825.56
2017-01-25 17:40:00,0,854.25,786.0,-69.82,-79.25,-56.39,972.13
2017-01-25 17:45:00,0,937.57,879.93,-73.44,-79.13,-62.78,1029.32
2017-01-25 17:50:00,0,945.25,892.14,-76.95,-85.32,-62.53,1017.95
2017-01-26 09:50:00,0,795.24,792.9,-58.74,-74.04,-50.09,862.69
2017-01-28 16:50:00,0,815.02,802.66,-74.49,-83.67,-59.95,869.65
2017-01-28 17:00:00,0,850.45,808.05,-61.34,-75.38,-51.47,977.43
2017-02-01 15:20:00,0,789.69,798.2,-114.61,-121.01,-86.54,809.41
2017-02-01 15:35:00,0,827.94,829.63,-82.83,-97.57,-70.78,833.54
2017-03-02 07:35:00,0,882.34,747.74,-55.23,-88.03,-68.6,966.35
2017-03-02 07:40:00,0,815.05,767.72,-65.8,-101.29,-75.31,960.37
2017-03-07 21:10:00,0,882.34,769.88,-76.48,-82.24,-62.75,807.57
2017-03-07 21:15:00,0,882.34,765.34,-73.99,-61.31,-66.05,815.66
2017-03-07 21:20:00,0,882.34,761.61,-71.33,-88.18,-63.39,816.21
2017-03-07 21:25:00,0,882.34,759.78,-67.12,-82.6,-57.41,812.1
2017-03-07 21:30:00,0,882.34,758.35,-59.63,-69.75,-53.69,805.79
2017-03-07 21:35:00,0,882.34,757.26,-67.45,-80.88,-57.29,804.91
2017-03-07 21:40:00,0,882.34,755.83,-61.65,-73.57,-50.96,801.07
2017-03-07 21:45:00,0,882.34,754.63,-64.31,-80.84,-57.58,799.4
2017-03-07 21:50:00,0,882.34,753.32,-64.71,-63.1,-54.53,799.38
2017-03-07 21:55:00,0,882.34,752.49,-64.77,-77.12,-53.54,799.14
2017-03-07 22:00:00,0,882.34,751.88,-65.66,-80.47,-54.92,793.05
2017-03-07 22:05:00,0,882.34,751.64,-66.84,-73.48,-56.77,796.18
2017-03-07 22:10:00,0,882.34,750.91,-63.64,-60.4,-55.66,794.74
2017-03-07 22:15:00,0,882.34,750.59,-64.88,-76.8,-56.45,809.25
2017-03-07 22:20:00,0,882.34,752.33,-62.89,-75.22,-53.88,806.38
2017-03-07 22:25:00,0,882.34,753.38,-62.63,-64.41,-53.3,802.22
2017-03-07 22:30:00,0,882.34,752.68,-62.93,-79.43,-57.27,802.37
2017-03-07 22:35:00,0,882.34,751.66,-68.16,-78.76,-63.09,804.57
2017-03-07 22:40:00,0,819.27,783.44,-62.26,-68.08,-169.39,853.75
2017-03-08 02:05:00,0,848.23,837.95,-64.57,-90.96,-52.18,1027.93
2017-03-08 02:10:00,0,860.17,859.35,-74.98,-91.42,-57.12,1037.6
2017-03-12 04:15:00,0,809.81,793.88,-59.1,-91.29,-169.39,1003.47
2017-03-21 03:05:00,0,788.98,765.47,-89.04,-91.94,-64.67,812.06
2017-03-25 09:55:00,0,841.74,776.67,-54.93,-76.31,-169.39,904.25
2017-03-26 01:20:00,0,809.32,794.51,-97.15,-115.53,-72.46,831.92
2017-04-03 15:10:00,0,829.56,823.18,-77.55,-101.97,-61.07,1012.68
2017-04-03 15:15:00,0,818.63,814.85,-66.91,-90.03,-49.68,1029.01
2017-04-05 01:30:00,0,792.68,851.92,-109.06,-134.99,-90.35,823.52
2017-04-22 19:15:00,0,817.77,844.08,-98.5,-116.39,-68.92,849.78
2017-04-29 00:45:00,0,813.45,834.61,-63.45,-21.75,-169.39,996.58
2017-04-29 00:50:00,0,815.25,815.0,-64.37,-29.3,-169.39,972.5
2017-04-29 01:00:00,0,959.6,879.52,-76.0,-102.49,-60.36,1013.08
2017-04-29 14:00:00,0,789.62,868.61,-81.87,-119.12,-60.78,832.66
2017-05-19 00:55:00,0,882.34,806.33,-76.65,-85.46,-56.97,778.77
2017-05-30 21:20:00,0,798.61,754.85,-77.05,-101.68,-58.98,825.16
2017-05-31 18:40:00,0,882.34,710.81,-58.86,-85.65,-52.03,806.32
2017-05-31 18:50:00,0,816.89,770.27,-63.09,-75.29,-169.39,862.96
2017-05-31 18:55:00,0,829.02,803.9,-58.37,-86.24,-169.39,819.92
2017-05-31 20:30:00,0,824.11,821.98,-81.76,-105.36,-59.66,794.27
2017-05-31 22:25:00,0,813.25,752.41,-74.9,-99.23,-50.96,822.54
2017-05-31 23:50:00,0,810.52,847.49,-56.14,-84.11,-169.39,766.91
2017-06-01 08:25:00,0,789.78,788.68,-215.26,-17.66,-169.39,791.81
2017-06-03 16:40:00,0,882.34,748.59,-72.75,-103.27,-68.93,813.69
2017-06-03 16:45:00,0,810.12,773.13,-96.5,-112.77,-76.87,908.38
2017-06-04 16:05:00,0,812.44,792.38,-66.14,-105.49,-169.39,859.62
2017-06-06 14:25:00,0,882.34,774.26,-56.65,-93.34,-169.39,817.22
2017-06-06 14:35:00,0,830.03,778.34,-69.89,-93.85,-55.93,936.45
2017-06-08 16:30:00,0,794.68,831.63,-110.26,-128.53,-71.51,774.18
2017-06-12 13:35:00,0,882.34,740.98,-90.65,-84.97,-83.31,802.76
2017-06-12 15:45:00,0,882.34,782.57,-67.0,-99.68,-53.66,835.01
2017-06-12 16:00:00,0,799.75,778.33,-69.99,-91.04,-53.05,988.89
2017-06-14 01:30:00,0,804.58,867.47,-81.82,-115.0,-56.44,867.48
2017-06-16 19:30:00,0,796.93,816.58,-102.08,-134.47,-84.17,797.67
2017-06-16 19:45:00,0,962.03,917.93,-53.86,-92.37,-169.39,1057.53
2017-06-22 06:25:00,0,882.34,753.41,-83.31,-112.09,-73.07,796.04
2017-06-22 06:30:00,0,882.34,752.31,-74.81,-97.04,-65.68,792.41
2017-06-22 06:50:00,0,807.11,836.28,-75.32,-99.2,-67.58,821.42
2017-06-24 20:30:00,0,823.22,805.99,-83.69,-113.33,-70.88,1001.69
2017-06-24 20:35:00,0,936.16,875.77,-66.29,-102.14,-55.18,1033.36
2017-06-24 20:40:00,0,950.49,891.55,-64.7,-98.2,-51.94,1042.71
2017-06-25 09:05:00,0,818.66,834.07,-72.24,-102.27,-55.45,1011.63
2017-06-26 10:25:00,0,817.68,809.14,-78.94,-110.0,-60.04,988.61
2017-06-26 10:30:00,0,840.48,816.87,-75.6,-113.83,-53.06,1006.9
2017-06-26 11:10:00,0,818.5,804.7,-76.72,-101.12,-62.29,981.6
2017-06-30 16:30:00,0,936.76,945.04,-78.17,-94.71,-65.92,1025.41
2017-07-28 01:15:00,0,808.75,830.75,-56.71,-97.04,-169.39,933.0
2017-07-28 01:20:00,0,820.51,822.96,-73.26,-99.06,-52.01,930.42
2017-07-29 04:30:00,0,788.32,815.69,-99.97,-107.01,-72.5,880.57
2017-07-31 15:45:00,0,882.34,718.73,-59.68,-67.93,-50.89,883.47
2017-07-31 16:00:00,0,840.23,758.55,-61.54,-86.7,-169.39,960.56
2017-08-05 03:25:00,0,801.93,801.68,-80.94,-108.75,-56.52,914.42
2017-08-13 11:20:00,0,824.71,838.44,-107.76,-131.87,-78.98,824.3
2017-08-22 20:05:00,0,814.97,822.65,-85.07,-107.0,-77.87,824.76
2017-08-22 20:10:00,0,851.1,786.71,-79.33,-114.4,-59.31,806.12
2017-08-28 13:55:00,0,882.34,790.63,-74.76,-101.85,-57.73,769.81
2017-09-09 04:50:00,0,882.34,958.85,-89.86,-122.34,-71.69,1051.41
2017-09-09 04:55:00,0,895.1,956.46,-56.84,-83.07,-169.39,1023.59
2017-09-09 13:05:00,0,951.14,742.85,-73.39,-86.48,-64.73,883.98
2017-09-09 13:10:00,0,935.8,786.56,-70.38,-94.89,-68.68,883.62
2017-09-14 03:05:00,0,936.38,758.76,-64.64,-79.53,-51.49,856.37
2017-10-19 08:30:00,0,806.31,814.02,-79.49,-100.17,-77.44,823.59
2017-10-19 08:35:00,0,812.02,804.88,-88.09,-102.82,-85.0,833.28
2017-10-20 02:50:00,0,797.67,800.05,-87.1,-127.67,-63.08,763.34
2017-10-20 02:55:00,0,803.44,803.61,-72.02,-112.73,-52.97,800.77
2017-10-20 04:40:00,0,905.47,843.94,-53.44,-83.76,-54.46,827.61
2017-10-23 17:55:00,0,809.95,843.42,-97.0,-120.56,-80.48,832.03
2017-10-23 20:15:00,0,807.86,849.12,-77.63,-112.53,-63.28,840.26
2017-10-27 18:20:00,0,854.49,714.05,-73.43,-93.65,-52.39,902.43
2017-10-31 23:50:00,0,965.0,848.98,-59.52,-62.77,-52.89,963.97
2017-11-16 19:50:00,0,967.98,891.92,-109.48,-106.9,-89.67,1038.03
2017-11-18 19:10:00,0,954.91,997.37,-248.12,-119.57,-203.89,996.85
2017-11-22 06:30:00,0,801.9,800.9,-68.55,-88.3,-55.59,839.74
2017-11-22 06:35:00,0,825.25,792.36,-67.58,-86.14,-54.78,864.58
2017-11-27 20:30:00,0,832.92,829.69,-65.92,-79.85,-52.8,896.53
2017-12-08 21:35:00,0,901.46,828.68,-58.81,-91.35,-58.5,843.71
2017-12-12 11:10:00,0,815.78,783.64,-93.58,-118.55,-69.47,833.78
2017-12-12 11:40:00,0,815.01,824.04,-105.38,-129.89,-86.44,813.38
2017-12-13 00:00:00,0,948.98,858.94,-61.06,-82.45,-58.93,885.0
2017-12-13 00:20:00,0,930.03,827.92,-58.84,-74.47,-56.24,885.0
2017-12-14 12:05:00,0,797.13,796.54,-90.02,-118.41,-69.13,802.57
2017-12-25 07:10:00,0,882.34,719.45,-63.4,-97.47,-51.57,787.58
2017-12-25 07:15:00,0,882.34,744.32,-63.56,-100.62,-54.81,874.64
2017-12-27 20:20:00,0,882.34,798.34,-90.86,-116.72,-63.42,795.46
2017-12-27 20:25:00,0,882.34,773.36,-77.2,-107.58,-53.22,791.45
2017-12-28 11:30:00,0,882.34,749.25,-63.73,-96.42,-169.39,815.4
2017-12-28 11:35:00,0,809.12,766.85,-66.86,-90.82,-169.39,842.7
2017-12-28 11:40:00,0,910.43,819.73,-72.72,-102.41,-52.41,865.36
2017-12-28 14:45:00,0,882.34,760.18,-71.24,-97.88,-50.61,836.26
2018-01-01 01:00:00,0,790.13,798.67,-84.14,-107.44,-61.46,815.1
2018-01-01 01:05:00,0,824.02,798.28,-90.88,-107.15,-57.52,876.62
2018-01-16 11:05:00,0,827.49,798.42,-98.27,-112.37,-68.74,816.61
2018-01-16 11:10:00,0,788.67,792.27,-215.26,-21.26,-169.39,820.86
2018-01-16 11:20:00,0,797.91,763.09,-81.71,-75.49,-52.69,827.31
2018-01-16 15:15:00,0,796.28,838.87,-83.57,-95.09,-60.46,849.49
2018-01-16 19:05:00,0,946.7,810.87,-70.77,-76.12,-49.81,752.58
2018-02-02 08:55:00,0,826.08,754.16,-81.25,-92.95,-63.66,823.06
2018-02-02 09:00:00,0,799.03,770.27,-60.9,-66.2,-169.39,779.72
2018-02-02 09:05:00,0,865.41,794.85,-70.24,-81.43,-54.45,821.47
2018-02-02 09:10:00,0,791.3,776.75,-66.13,-75.84,-49.99,775.83
2018-02-02 09:15:00,0,809.1,782.74,-65.52,-85.59,-169.39,823.58
2018-02-02 09:20:00,0,797.27,778.19,-74.26,-79.87,-64.38,793.95
2018-02-02 09:25:00,0,825.54,792.15,-73.5,-76.2,-57.35,808.23
2018-02-06 08:15:00,0,816.92,821.94,-73.57,-65.76,-56.67,996.45
2018-02-11 16:40:00,0,966.72,867.4,-75.42,-74.02,-60.13,994.71
2018-02-11 16:55:00,0,966.29,856.21,-73.53,-77.17,-58.38,1011.35
2018-02-11 17:10:00,0,882.34,841.2,-58.89,-53.39,-50.24,1053.4
2018-02-11 17:20:00,0,882.34,837.02,-75.46,-77.83,-63.79,1057.19
2018-02-15 20:20:00,0,808.22,797.8,-57.84,-70.57,-169.39,892.56
2018-02-17 22:20:00,0,882.34,757.19,-87.13,-98.98,-60.37,789.58
2018-02-17 22:35:00,0,882.34,981.76,-89.86,-83.16,-55.68,1023.26
2018-02-17 22:40:00,0,882.34,999.5,-82.8,-95.2,-56.93,1042.39
2018-02-17 22:50:00,0,963.42,969.21,-94.94,-102.02,-58.58,1013.29
2018-02-20 00:40:00,0,891.81,788.84,-53.49,-76.85,-51.62,936.62
2018-02-20 01:00:00,0,945.26,850.9,-60.6,-79.77,-56.58,894.72
2018-02-20 02:00:00,0,839.97,800.08,-74.51,-90.68,-71.54,846.34
2018-02-20 02:05:00,0,844.48,804.56,-65.57,-82.4,-60.97,834.57
2018-02-22 18:25:00,0,794.38,795.75,-91.82,-111.84,-63.71,872.48
2018-02-22 18:35:00,0,958.12,880.51,-100.9,-113.17,-68.11,1026.86
2018-02-24 09:45:00,0,882.34,960.79,-90.18,-100.08,-68.56,1051.83
2018-02-26 18:50:00,0,882.34,739.63,-60.22,-67.24,-49.54,802.76
2018-02-26 18:55:00,0,801.44,750.72,-61.51,-67.17,-169.39,814.52
2018-02-26 19:00:00,0,829.63,791.11,-58.4,-71.37,-169.39,834.69
2018-02-26 19:10:00,0,937.02,816.76,-68.69,-73.22,-56.81,881.35
2018-02-26 20:10:00,0,869.94,785.78,-69.37,-72.81,-59.63,827.12
2018-02-28 19:25:00,0,808.65,800.73,-78.26,-104.42,-67.98,978.94
2018-03-07 19:25:00,0,832.71,806.54,-87.09,-108.61,-62.48,849.75
2018-03-07 19:30:00,0,820.88,798.22,-60.16,-76.69,-169.39,856.9
2018-03-07 19:40:00,0,882.34,762.4,-54.13,-74.48,-169.39,836.84
2018-03-08 01:15:00,0,848.55,734.18,-59.09,-73.9,-52.89,846.28
2018-03-08 01:20:00,0,875.17,757.75,-54.2,-67.21,-169.39,839.73
2018-03-13 02:30:00,0,793.57,765.82,-72.41,-83.12,-51.27,854.1
2018-03-13 03:15:00,0,962.36,813.05,-72.42,-85.95,-56.49,957.34
2018-03-13 03:45:00,0,959.05,795.23,-78.34,-86.9,-65.41,917.95
2018-03-20 00:30:00,0,932.87,1026.9,-60.64,-49.81,-169.39,957.18
2018-03-21 03:45:00,0,792.24,793.54,-57.72,-61.82,-169.39,787.35
2018-04-04 03:40:00,0,882.34,730.92,-90.58,-83.25,-72.62,1028.92
2018-04-04 03:45:00,0,815.05,792.14,-90.6,-87.73,-60.66,1037.22
2018-04-04 03:50:00,0,882.23,820.57,-81.91,-89.12,-68.05,1049.86
2018-04-04 03:55:00,0,904.94,817.07,-92.83,-69.45,-74.07,1034.65
2018-04-04 04:00:00,0,919.11,816.27,-75.82,-77.63,-52.84,1016.69
2018-04-04 04:05:00,0,931.8,823.31,-88.08,-81.23,-66.67,1016.45
2018-04-08 12:00:00,0,829.23,772.35,-101.56,-99.29,-72.37,933.33
2018-04-08 12:05:00,0,815.36,781.11,-87.89,-88.54,-56.89,918.53
2018-04-08 12:10:00,0,805.29,776.4,-90.75,-98.75,-59.8,908.19
2018-04-14 11:55:00,0,793.21,734.41,-66.41,-64.5,-169.39,798.55
2018-04-14 12:00:00,0,856.48,755.08,-70.15,-75.25,-49.94,829.07
2018-04-14 12:05:00,0,915.55,772.68,-70.17,-72.31,-51.75,853.84
2018-04-14 12:10:00,0,937.88,785.61,-73.8,-77.77,-56.79,863.64
2018-04-14 12:15:00,0,942.96,790.52,-72.36,-77.29,-51.71,873.78
2018-04-14 12:20:00,0,949.45,792.78,-69.52,-80.63,-53.8,886.86
2018-04-14 12:25:00,0,953.76,795.19,-71.0,-74.63,-52.26,886.34
2018-04-19 10:30:00,0,915.86,830.21,-291.59,-50.93,-204.45,971.23
2018-04-28 13:55:00,0,962.86,871.35,-85.55,-73.24,-60.13,1058.13
2018-05-02 19:00:00,0,835.77,766.93,-81.16,-84.27,-68.01,934.23
2018-05-04 14:20:00,0,807.95,820.22,-87.79,-99.39,-61.56,881.0
2018-05-07 05:50:00,0,819.91,811.26,-86.83,-88.89,-52.78,902.67
2018-05-08 03:30:00,0,882.34,791.59,-59.39,-64.43,-52.95,883.5
2018-05-08 03:40:00,0,896.75,821.54,-60.34,-56.61,-49.65,874.18
2018-05-08 03:45:00,0,886.56,824.79,-54.88,-55.52,-52.19,848.68
2018-05-08 04:05:00,0,955.64,837.27,-66.17,-64.34,-58.63,886.02
2018-05-08 04:10:00,0,965.11,837.09,-70.92,-67.18,-63.83,883.16
2018-05-08 04:25:00,0,875.97,821.98,-58.97,-59.41,-51.25,848.1
2018-05-08 04:30:00,0,849.67,812.58,-69.95,-64.03,-54.71,833.67
2018-05-08 04:45:00,0,928.99,827.71,-64.86,-58.77,-52.03,861.87
2018-05-08 04:50:00,0,934.75,828.54,-56.39,-53.72,-169.39,861.72
2018-05-08 18:55:00,0,882.34,751.85,-89.0,-98.52,-69.74,782.46
2018-05-08 19:25:00,0,882.34,760.8,-66.91,-81.45,-49.51,895.51
2018-05-08 19:30:00,0,882.34,757.12,-76.07,-90.47,-51.56,855.69
2018-05-08 19:35:00,0,830.08,795.63,-86.83,-99.64,-64.23,864.42
2018-05-09 12:10:00,0,882.34,712.17,-53.96,-65.09,-51.91,913.18
2018-05-09 13:55:00,0,838.86,766.97,-76.16,-61.95,-60.56,806.57
2018-05-09 14:05:00,0,948.51,828.68,-78.57,-74.53,-61.15,887.11
2018-05-16 21:40:00,0,823.72,871.35,-70.76,-94.69,-51.22,829.39
2018-05-22 01:00:00,0,916.74,790.38,-66.89,-72.03,-53.47,854.14
2018-05-23 21:25:00,0,814.2,821.26,-73.69,-87.27,-51.11,896.29
2018-05-23 21:30:00,0,794.19,801.58,-56.79,-72.58,-169.39,881.56
2018-05-23 21:45:00,0,805.93,783.93,-71.3,-80.64,-169.39,882.34
2018-05-23 22:30:00,0,882.34,715.17,-69.28,-81.89,-52.11,752.28
2018-05-23 22:35:00,0,870.79,753.46,-86.88,-97.44,-68.21,786.64
2018-05-25 06:00:00,0,822.82,824.73,-92.47,-97.37,-60.84,871.17
2018-05-25 06:05:00,0,815.75,814.68,-99.16,-104.23,-68.49,865.22
2018-05-31 19:20:00,0,805.21,786.44,-215.26,-20.54,-169.39,832.17
2018-05-31 19:25:00,0,797.09,784.15,-215.26,-22.19,-169.39,836.81
2018-06-05 10:55:00,0,959.12,899.99,-113.6,-100.82,-72.52,1027.98
2018-06-05 11:15:00,0,959.36,901.84,-108.84,-98.02,-74.57,1027.85
2018-06-05 11:45:00,0,860.66,851.49,-57.11,-198.48,-169.39,1021.44
2018-06-05 11:50:00,0,825.24,825.84,-60.8,-198.48,-169.39,1020.19
2018-06-07 05:30:00,0,831.73,746.83,-73.71,-87.22,-58.08,870.14
2018-06-07 05:40:00,0,868.64,787.83,-70.24,-76.54,-51.85,829.27
2018-06-07 08:05:00,0,864.91,807.77,-64.47,-78.11,-51.59,832.02
2018-06-10 04:05:00,0,800.4,816.46,-80.6,-102.81,-52.8,897.15
2018-06-10 04:10:00,0,800.14,795.82,-95.4,-102.79,-62.1,850.8
2018-06-12 09:40:00,0,833.5,843.91,-102.88,-101.33,-66.78,803.11
2018-06-18 05:15:00,0,810.2,809.28,-61.41,-70.24,-169.39,831.76
2018-06-18 06:00:00,0,959.56,821.82,-70.82,-82.53,-58.95,891.44
2018-06-19 19:00:00,0,794.15,784.76,-95.29,-105.0,-77.14,855.35
2018-06-19 23:10:00,0,882.34,738.62,-79.42,-79.05,-60.53,1005.94
2018-06-19 23:20:00,0,843.97,788.68,-70.4,-76.76,-57.34,1010.21
2018-06-19 23:25:00,0,915.79,799.08,-93.19,-90.86,-73.02,1051.26
2018-06-19 23:55:00,0,894.63,784.15,-86.64,-102.31,-58.8,794.69
2018-06-28 07:00:00,0,852.82,802.26,-58.68,-68.1,-169.39,829.57
2018-06-28 07:05:00,0,824.93,772.69,-64.64,-76.49,-169.39,794.25
2018-06-28 07:10:00,0,793.95,743.06,-55.3,-65.25,-169.39,757.36
2018-06-28 10:40:00,0,882.34,713.98,-90.49,-17.95,-75.15,760.32
2018-07-02 17:25:00,0,825.98,800.84,-93.99,-108.48,-63.22,815.83
2018-07-02 23:45:00,0,837.15,814.84,-89.64,-103.76,-64.52,838.83
2018-07-10 13:35:00,0,882.34,761.18,-70.08,-81.22,-64.99,752.5
2018-07-10 13:40:00,0,792.58,794.09,-81.66,-96.74,-78.84,780.56
2018-07-19 06:55:00,0,803.87,827.59,-54.25,-61.86,-169.39,819.63
2018-07-19 07:00:00,0,788.76,810.44,-60.25,-75.75,-169.39,822.85
2018-07-30 02:55:00,0,918.9,821.18,-55.01,-63.99,-169.39,841.46
2018-07-30 03:00:00,0,883.56,836.32,-55.7,-65.12,-50.22,840.03
2018-08-07 01:15:00,0,804.57,820.72,-105.23,-121.54,-72.95,833.64
2018-08-21 12:30:00,0,798.2,815.88,-54.97,-68.63,-169.39,996.95
2018-08-21 12:35:00,0,849.7,822.3,-76.98,-86.17,-51.16,994.49
2018-08-22 18:50:00,0,882.34,728.06,-55.7,-65.19,-169.39,820.96
2018-08-22 18:55:00,0,882.34,740.24,-57.79,-66.83,-169.39,864.45
2018-08-24 22:35:00,0,792.81,792.3,-81.05,-94.31,-51.48,882.18
2018-08-24 22:40:00,0,803.98,787.51,-92.79,-101.07,-61.57,884.2
2018-08-29 01:05:00,0,804.91,814.62,-128.38,-106.76,-99.36,817.2
2018-09-03 00:10:00,0,814.84,775.95,-215.26,-27.62,-169.39,1023.62
2018-09-03 02:05:00,0,850.58,763.27,-215.26,-64.08,-50.02,826.29
2018-09-03 02:10:00,0,930.78,809.02,-65.06,-89.61,-61.02,888.03
2018-09-08 10:10:00,0,882.34,775.73,-70.61,-93.93,-50.27,843.7
2018-09-09 03:50:00,0,919.96,845.3,-265.62,-26.53,-220.15,990.01
2018-09-09 03:55:00,0,924.58,841.37,-260.1,-26.53,-214.1,982.4
2018-09-13 21:45:00,0,937.01,825.44,-244.54,-55.3,-195.38,1007.69
2018-09-17 17:50:00,0,929.7,777.69,-65.45,-93.33,-63.3,888.12
2018-09-17 18:00:00,0,853.79,779.77,-61.13,-85.74,-62.21,863.24
2018-09-17 18:35:00,0,840.09,800.45,-62.94,-79.27,-67.7,829.34
2018-09-17 19:00:00,0,809.95,779.72,-101.14,-117.74,-105.07,837.04
2018-09-25 14:30:00,0,799.08,774.21,-103.04,-119.37,-90.06,803.27
2018-09-25 14:40:00,0,804.57,782.28,-109.07,-126.26,-93.69,810.82
2018-09-25 14:45:00,0,804.33,782.85,-113.27,-130.99,-97.6,822.39
2018-09-25 14:50:00,0,806.66,784.07,-106.3,-126.14,-91.84,812.43
2018-09-25 15:15:00,0,816.2,786.05,-101.3,-115.29,-90.86,820.63
2018-10-18 10:05:00,0,882.34,758.79,-215.26,-70.02,-49.44,810.18
2018-10-18 10:10:00,0,882.34,758.69,-215.26,-69.94,-54.09,804.69
2018-10-18 10:35:00,0,805.48,749.98,-215.26,-49.35,-52.54,826.36
2018-10-18 10:40:00,0,802.66,770.62,-215.26,-54.87,-58.21,827.12
2018-10-18 10:45:00,0,827.54,803.62,-54.8,-61.47,-63.31,850.77
2018-10-18 10:55:00,0,882.34,768.61,-215.26,-54.46,-58.74,759.46
2018-10-22 19:15:00,0,837.3,810.55,-70.55,-75.48,-169.39,830.9
2018-10-22 19:20:00,0,882.34,773.9,-68.36,-73.08,-169.39,797.67
2018-10-23 16:10:00,0,882.34,714.04,-67.57,-75.26,-62.65,801.93
2018-10-23 17:05:00,0,924.85,830.68,-60.42,-72.63,-51.03,886.94
2018-10-25 17:30:00,0,815.25,796.19,-61.29,-72.58,-51.96,823.37
2018-10-25 17:35:00,0,818.52,801.36,-71.23,-81.25,-59.86,828.78
2018-10-25 17:40:00,0,821.78,806.53,-81.16,-89.92,-67.76,834.19
2018-10-26 16:20:00,0,882.34,707.82,-60.86,-53.86,-57.81,753.92
2018-10-26 16:30:00,0,814.31,754.39,-58.53,-58.2,-169.39,797.57
2018-10-26 16:35:00,0,892.96,819.91,-75.57,-67.41,-62.91,843.38
2018-10-26 16:45:00,0,830.34,837.11,-96.99,-73.72,-83.73,833.4
2018-10-26 16:50:00,0,797.85,807.21,-98.92,-77.54,-86.47,809.74
2018-11-05 11:35:00,0,882.34,730.84,-79.31,-106.51,-56.97,806.57
2018-11-05 11:40:00,0,882.34,737.92,-68.08,-91.73,-64.69,820.93
2018-11-05 11:45:00,0,804.58,748.79,-74.05,-88.38,-65.22,831.34
2018-11-05 11:50:00,0,818.99,758.33,-79.97,-97.37,-70.61,837.94
2018-11-05 11:55:00,0,841.88,770.02,-79.7,-94.85,-67.54,853.87
2018-11-05 12:40:00,0,821.55,779.57,-106.71,-124.97,-90.28,835.54
2018-11-05 14:00:00,0,803.45,776.76,-117.42,-132.17,-92.0,838.78
2018-11-05 14:05:00,0,803.15,773.19,-118.41,-137.06,-90.95,837.13
2018-11-05 14:10:00,0,810.18,774.31,-120.02,-134.43,-93.41,836.19
2018-11-05 14:15:00,0,808.42,773.19,-116.73,-131.04,-92.17,834.83
2018-11-06 06:15:00,0,798.05,768.1,-77.84,-96.65,-52.85,869.27
2018-11-06 06:20:00,0,842.72,782.33,-86.88,-94.52,-57.85,986.04
2018-11-13 14:50:00,0,799.6,776.48,-71.51,-80.63,-66.0,822.97
2018-11-13 17:40:00,0,791.34,777.29,-55.25,-64.04,-169.39,890.54
2018-11-13 17:45:00,0,826.7,801.01,-71.73,-74.99,-57.26,852.9
2018-11-30 06:55:00,0,897.04,787.36,-56.03,-65.89,-169.39,839.52
2018-11-30 07:05:00,0,930.15,818.98,-55.61,-66.05,-169.39,806.15
2018-11-30 07:10:00,0,925.93,819.45,-53.63,-67.45,-169.39,820.54
2018-11-30 07:20:00,0,941.39,816.07,-53.98,-64.5,-169.39,838.59
2018-11-30 07:40:00,0,926.41,815.21,-64.18,-73.11,-53.54,864.88
2018-11-30 07:45:00,0,904.1,814.09,-61.75,-74.05,-56.28,847.75
2018-11-30 07:50:00,0,913.31,817.06,-64.1,-73.66,-54.31,858.39
2018-11-30 07:55:00,0,937.6,825.68,-60.18,-68.1,-52.19,871.88
2018-11-30 08:00:00,0,910.62,825.79,-61.23,-69.33,-51.56,868.26
2018-12-05 22:45:00,0,815.16,822.51,-102.87,-107.6,-78.52,841.23
2018-12-07 05:45:00,0,794.36,871.35,-70.63,-80.56,-64.65,852.29
2018-12-07 06:15:00,0,919.79,734.24,-65.32,-78.68,-53.03,849.55
2018-12-07 06:20:00,0,914.09,750.46,-66.39,-77.46,-51.63,852.84
2018-12-07 06:25:00,0,887.85,763.47,-70.73,-78.74,-58.07,856.14
2018-12-07 06:40:00,0,905.88,774.86,-73.33,-79.66,-60.92,855.77
2018-12-07 06:45:00,0,859.17,774.49,-73.47,-78.85,-64.36,853.65
2018-12-07 06:50:00,0,855.02,774.63,-76.82,-84.62,-69.57,847.84
2018-12-07 07:10:00,0,830.37,772.3,-89.78,-96.94,-82.85,828.18
2018-12-07 07:15:00,0,825.71,771.06,-100.21,-104.38,-92.87,826.44
2018-12-07 07:20:00,0,824.84,770.52,-104.08,-109.43,-89.55,825.89
2018-12-07 07:25:00,0,819.19,771.28,-120.26,-122.36,-100.21,824.8
2018-12-09 04:55:00,0,824.73,806.02,-85.56,-97.43,-58.12,847.52
2018-12-09 13:25:00,0,797.56,794.47,-77.0,-86.97,-51.26,811.86
2018-12-09 23:05:00,0,903.5,751.1,-70.97,-82.76,-56.34,884.39
2018-12-10 18:40:00,0,882.34,778.07,-73.96,-74.55,-169.39,755.15
2018-12-10 19:30:00,0,882.34,691.22,-58.79,-65.36,-52.74,913.18
2018-12-10 19:35:00,0,882.34,704.89,-67.02,-69.92,-53.73,766.6
2018-12-10 19:45:00,0,951.27,811.73,-83.99,-84.13,-65.75,874.3
2018-12-13 20:05:00,0,916.57,774.28,-69.05,-64.4,-51.62,845.62
2018-12-13 20:10:00,0,941.4,778.13,-82.63,-75.25,-60.99,853.84
2018-12-22 10:20:00,0,802.23,779.91,-75.88,-82.86,-49.92,872.56
2018-12-22 11:40:00,0,788.45,730.97,-62.25,-69.9,-169.39,997.49
2018-12-22 11:45:00,0,929.2,779.52,-66.27,-69.07,-50.13,1027.59
2018-12-22 11:50:00,0,959.86,789.68,-68.96,-69.77,-169.39,1030.43
2019-01-03 05:25:00,0,793.84,809.73,-73.41,-72.82,-169.39,815.36
2019-01-03 10:10:00,0,922.05,805.47,-69.01,-60.67,-169.39,1055.03
2019-01-03 10:15:00,0,843.93,792.97,-72.81,-65.07,-56.63,887.51
2019-01-08 11:45:00,0,834.29,807.99,-78.11,-78.12,-52.37,927.06
2019-01-12 03:45:00,0,882.34,758.93,-80.14,-81.85,-57.23,778.0
2019-01-12 05:30:00,0,844.22,766.48,-70.14,-53.65,-169.39,860.83
2019-01-18 12:15:00,0,793.71,744.8,-74.04,-68.24,-56.46,877.29
2019-01-18 12:20:00,0,824.34,757.58,-103.55,-96.97,-85.54,820.76
2019-01-18 12:25:00,0,828.77,762.22,-114.1,-108.44,-99.39,816.32
2019-01-23 11:45:00,0,811.6,806.79,-84.35,-89.35,-68.78,933.35
2019-02-01 05:10:00,0,796.67,791.26,-88.63,-86.76,-52.92,894.01
2019-02-01 05:15:00,0,795.07,777.09,-94.02,-90.52,-56.87,883.3
2019-02-01 05:20:00,0,842.7,782.69,-96.16,-92.17,-60.4,838.73
2019-02-01 10:30:00,0,790.33,796.7,-117.23,-109.62,-82.25,812.3
2019-02-01 13:00:00,0,845.4,782.31,-71.92,-70.4,-51.86,813.41
2019-02-04 17:40:00,0,830.07,730.71,-76.56,-79.26,-59.46,973.1
2019-02-04 17:45:00,0,840.6,743.93,-66.57,-66.41,-53.97,1024.59
2019-02-04 17:50:00,0,839.07,734.37,-79.41,-80.99,-65.38,992.63
2019-02-05 02:55:00,0,827.04,751.13,-76.16,-79.67,-169.39,879.24
2019-02-05 03:05:00,0,928.23,782.9,-86.93,-88.07,-61.4,1047.21
2019-02-07 23:55:00,0,868.39,770.33,-77.05,-84.06,-52.8,946.49
2019-02-11 19:00:00,0,836.62,726.87,-82.41,-87.91,-83.9,834.53
2019-02-11 19:10:00,0,836.62,748.28,-82.37,-90.78,-84.43,821.01
2019-02-12 08:30:00,0,882.34,744.66,-84.19,-77.4,-51.3,767.5
2019-02-12 08:35:00,0,852.44,737.5,-91.2,-84.08,-57.86,853.21
2019-02-12 08:40:00,0,853.29,749.65,-106.55,-97.66,-74.93,833.4
2019-02-17 09:35:00,0,930.95,845.05,-84.91,-100.98,-71.01,1033.74
2019-02-17 09:40:00,0,921.82,824.65,-84.47,-99.27,-69.48,1049.89
2019-02-17 09:45:00,0,914.06,808.32,-87.3,-101.1,-72.45,1038.87
2019-02-17 10:15:00,0,954.94,819.45,-72.97,-89.65,-62.2,972.98
2019-02-17 10:30:00,0,947.83,818.09,-77.81,-85.42,-65.9,986.48
2019-02-17 11:20:00,0,963.11,826.95,-83.94,-89.32,-68.62,1030.79
2019-02-17 11:40:00,0,952.45,832.94,-81.18,-85.28,-69.82,1030.53
2019-02-17 11:45:00,0,951.78,837.54,-75.63,-82.49,-62.76,1042.62
2019-02-17 11:50:00,0,935.52,840.35,-70.03,-76.28,-58.38,1042.89
2019-02-17 11:55:00,0,945.37,839.51,-71.79,-77.02,-58.05,1051.02
2019-02-25 15:20:00,0,882.34,778.1,-90.2,-88.87,-68.21,795.56
2019-02-25 15:25:00,0,882.34,762.26,-82.65,-87.1,-59.73,760.68
2019-02-25 15:30:00,0,882.34,754.86,-78.24,-87.88,-55.0,753.39
2019-02-25 15:35:00,0,882.34,752.4,-71.32,-77.59,-50.96,755.19
2019-02-25 15:40:00,0,882.34,753.98,-60.94,-72.76,-169.39,757.6
2019-02-25 15:45:00,0,882.34,756.17,-66.09,-73.19,-51.39,759.04
2019-02-25 15:50:00,0,882.34,759.63,-69.56,-74.89,-55.07,758.65
2019-02-25 15:55:00,0,796.22,772.86,-56.87,-59.78,-169.39,793.94
2019-02-25 16:20:00,0,882.34,800.35,-75.68,-85.24,-51.83,766.25
2019-02-25 16:35:00,0,849.93,784.36,-58.92,-66.65,-169.39,827.77
2019-02-25 16:40:00,0,835.37,793.25,-57.88,-62.43,-169.39,848.4
2019-02-25 16:45:00,0,836.75,794.79,-84.84,-84.64,-67.83,846.5
2019-02-25 16:50:00,0,825.75,791.34,-89.19,-85.78,-71.04,840.48
2019-03-09 05:40:00,0,834.6,848.58,-89.93,-99.61,-67.45,797.38
2019-03-18 15:50:00,0,790.8,871.35,-86.26,-71.78,-80.3,789.24
2019-03-18 15:55:00,0,814.96,1030.66,-84.54,-75.74,-78.86,814.34
2019-03-21 14:50:00,0,882.34,826.15,-259.55,-138.58,-205.98,1027.59
2019-03-21 17:00:00,0,945.4,822.57,-259.26,-131.26,-206.76,1001.98
2019-03-21 17:10:00,0,927.26,825.17,-261.05,-131.12,-197.39,989.14
2019-03-21 19:45:00,0,943.48,811.71,-248.36,-115.65,-188.5,1013.61
2019-03-23 02:40:00,0,839.06,767.95,-80.37,-198.48,-52.21,883.96
2019-03-23 02:45:00,0,806.77,752.2,-81.24,-40.12,-54.88,847.9
2019-03-23 02:50:00,0,882.34,733.15,-76.65,-92.96,-50.73,823.18
2019-03-23 03:00:00,0,948.83,766.79,-97.34,-104.46,-70.67,950.35
2019-04-04 15:05:00,0,833.04,821.8,-105.11,-47.6,-72.4,955.8
2019-04-04 15:25:00,0,965.69,908.94,-63.9,-57.59,-169.39,1028.43
2019-04-07 15:30:00,0,802.11,877.43,-65.37,-66.02,-169.39,806.87
2019-04-07 16:10:00,0,882.34,768.69,-56.2,-49.41,-169.39,806.17
2019-04-07 16:30:00,0,810.38,819.87,-66.94,-58.51,-169.39,809.88
2019-04-07 16:35:00,0,882.34,793.43,-86.15,-71.62,-67.63,772.72
2019-04-07 16:40:00,0,810.93,829.6,-105.2,-93.88,-90.92,781.29
2019-04-14 18:50:00,0,789.6,789.63,-72.65,-80.15,-169.39,778.87
2019-04-16 04:45:00,0,827.32,822.57,-57.86,-61.52,-169.39,758.52
2019-04-16 04:50:00,0,845.75,809.14,-58.5,-56.4,-169.39,785.07
2019-04-16 04:55:00,0,848.15,818.27,-55.14,-56.82,-169.39,815.73
2019-04-16 05:05:00,0,844.1,810.85,-90.37,-83.4,-72.61,817.47
2019-04-16 05:10:00,0,851.87,834.96,-85.71,-75.54,-66.51,808.8
2019-04-21 07:30:00,0,800.55,770.03,-71.98,-71.42,-59.15,847.48
2019-04-21 07:35:00,0,789.34,777.35,-80.85,-73.96,-64.73,846.59
2019-04-21 07:40:00,0,882.34,740.72,-75.32,-71.73,-57.97,756.5
2019-04-29 07:50:00,0,957.75,928.95,-272.95,-84.39,-218.59,965.41
2019-04-29 08:00:00,0,882.34,971.29,-262.74,-82.84,-200.7,1003.02
2019-04-29 08:05:00,0,933.4,957.02,-261.46,-89.42,-203.42,996.09
2019-04-29 08:10:00,0,882.34,981.44,-271.93,-96.74,-201.99,1016.4
2019-04-29 08:15:00,0,942.36,962.59,-274.03,-91.99,-203.54,991.86
2019-04-29 09:05:00,0,931.24,957.88,-260.24,-93.22,-200.47,985.82
2019-04-29 10:55:00,0,931.04,958.2,-276.51,-96.94,-214.08,988.1
2019-04-29 11:15:00,0,882.34,801.7,-89.72,-43.77,-65.06,834.8
2019-04-30 12:15:00,0,840.66,782.06,-82.06,-198.48,-58.02,1002.0
2019-05-05 00:55:00,0,882.34,773.7,-74.85,-76.7,-169.39,772.52
2019-05-14 03:20:00,0,792.47,755.16,-61.56,-50.74,-51.4,800.11
2019-05-14 03:25:00,0,846.23,789.74,-85.47,-64.89,-70.04,797.73
2019-05-14 03:30:00,0,880.65,814.35,-90.94,-72.83,-73.6,811.31
2019-05-14 04:10:00,0,967.03,914.14,-86.99,-69.95,-67.54,855.93
2019-05-14 04:15:00,0,964.06,911.46,-86.21,-69.99,-67.04,857.65
2019-05-14 09:00:00,0,882.34,871.35,-69.02,-49.78,-55.56,757.45
2019-05-14 09:15:00,0,828.36,765.5,-73.01,-59.17,-54.25,773.14
2019-05-14 09:20:00,0,879.96,794.48,-70.33,-57.98,-54.25,805.22
2019-05-14 09:25:00,0,901.26,811.46,-87.3,-70.0,-67.38,826.51
2019-05-14 14:15:00,0,948.25,969.85,-139.56,-101.29,-100.39,1042.84
2019-05-14 14:30:00,0,966.03,974.69,-147.64,-109.94,-112.14,1046.55
2019-06-03 01:45:00,0,961.0,881.1,-79.68,-64.3,-66.46,894.74
2019-06-22 02:15:00,0,882.34,716.37,-53.34,-44.25,-169.39,881.07
2019-06-22 02:20:00,0,882.34,721.96,-55.3,-47.5,-169.39,881.24
2019-06-22 03:00:00,0,882.34,763.36,-69.3,-56.53,-56.82,900.47
2019-06-22 03:05:00,0,882.34,762.18,-74.76,-61.36,-59.44,855.35
2019-06-22 03:10:00,0,882.34,751.75,-80.01,-63.65,-67.88,830.3
2019-06-22 03:30:00,0,816.21,829.56,-85.61,-61.56,-65.44,867.58
2019-06-22 03:55:00,0,842.5,847.41,-87.04,-61.9,-65.58,1004.6
2019-06-22 04:05:00,0,836.34,842.51,-78.83,-63.17,-58.55,989.79
2019-06-22 04:15:00,0,847.56,851.66,-81.97,-58.44,-60.39,1006.7
2019-06-22 04:20:00,0,839.55,846.73,-84.48,-61.31,-66.12,996.82
2019-06-22 04:30:00,0,919.29,902.76,-86.22,-66.33,-68.73,1028.37
2019-06-22 04:35:00,0,917.13,906.34,-88.39,-62.8,-69.13,1036.22
2019-06-22 04:40:00,0,935.85,919.88,-92.92,-64.03,-71.55,1047.97
2019-06-22 04:55:00,0,842.81,846.55,-91.55,-62.46,-75.63,1012.21
2019-06-22 05:45:00,0,882.34,747.21,-61.28,-50.35,-169.39,801.19
2019-06-22 05:50:00,0,882.34,769.99,-72.08,-60.67,-68.91,806.04
2019-06-22 05:55:00,0,882.34,772.01,-68.57,-54.17,-59.91,812.98
2019-06-22 06:00:00,0,796.73,795.49,-73.6,-57.83,-63.4,832.13
2019-06-22 06:20:00,0,950.47,924.29,-72.36,-54.1,-59.12,1017.98
2019-06-22 06:25:00,0,882.34,925.29,-64.98,-52.65,-56.51,1036.95
2019-06-22 06:30:00,0,903.48,868.17,-58.2,-47.16,-49.89,1021.59
2019-06-22 06:35:00,0,896.12,844.31,-56.17,-46.88,-53.4,1001.16
2019-06-22 07:05:00,0,948.58,870.75,-61.16,-47.09,-56.02,1023.15
2019-06-22 07:10:00,0,946.66,872.39,-59.66,-46.57,-49.94,1017.51
2019-06-22 11:15:00,0,882.34,1011.31,-76.06,-58.29,-56.01,947.42
2019-06-22 12:45:00,0,964.88,958.43,-98.6,-64.56,-82.16,998.79
2019-06-22 13:00:00,0,956.65,955.64,-99.52,-64.56,-81.11,1022.81
2019-06-22 13:05:00,0,882.34,993.28,-96.4,-64.56,-85.6,1038.11
2019-06-22 13:35:00,0,960.47,963.24,-100.43,-91.4,-86.7,1015.42
2019-06-22 13:50:00,0,950.82,959.46,-101.14,-81.82,-83.37,1020.97
2019-06-22 15:50:00,0,807.62,818.72,-99.68,-86.34,-82.28,841.3
2019-06-22 15:55:00,0,817.8,830.43,-87.04,-70.44,-73.27,874.46
2019-07-01 03:10:00,0,806.76,744.19,-98.4,-91.58,-78.03,772.71
2019-07-01 03:15:00,0,862.09,798.19,-65.38,-64.39,-62.17,803.25
2019-07-01 03:20:00,0,838.8,794.53,-83.83,-79.28,-80.12,810.63
2019-07-16 08:05:00,0,810.1,841.5,-92.78,-80.1,-59.56,818.69
2019-07-16 08:40:00,0,882.34,782.06,-73.66,-62.81,-55.52,875.53
2019-07-18 23:25:00,0,820.2,841.87,-100.7,-84.77,-71.17,817.43
2019-07-19 19:45:00,0,833.12,830.0,-104.54,-79.59,-87.14,819.5
2019-07-19 20:05:00,0,826.09,820.43,-98.85,-70.82,-80.49,822.34
2019-07-19 20:10:00,0,816.12,806.35,-102.73,-84.55,-83.88,811.47
2019-07-19 20:15:00,0,829.05,811.52,-89.43,-72.59,-68.81,819.15
2019-07-19 20:25:00,0,831.95,822.93,-104.78,-77.2,-83.15,817.18
2019-08-01 15:55:00,0,816.68,838.49,-53.65,-51.67,-169.39,878.12
2019-08-14 11:20:00,0,882.34,700.91,-66.61,-77.03,-51.34,955.37
2019-08-14 13:20:00,0,961.53,941.06,-79.37,-87.95,-60.34,958.87
2019-08-14 18:00:00,0,792.81,807.36,-59.12,-65.92,-169.39,887.31
2019-08-17 08:45:00,0,810.05,830.51,-72.0,-86.87,-54.76,792.05
2019-08-17 13:10:00,0,832.01,843.27,-83.05,-75.36,-65.85,837.6
2019-08-17 13:30:00,0,831.19,836.84,-106.56,-85.05,-88.13,802.19
2019-09-03 21:00:00,0,968.71,968.82,-92.64,-86.36,-69.5,960.53
2019-09-03 22:15:00,0,965.5,941.35,-65.75,-61.03,-57.76,883.43
2019-10-26 09:10:00,0,806.06,766.9,-215.26,-70.71,-59.35,830.75
2019-10-26 09:20:00,0,882.34,722.27,-58.52,-76.54,-76.24,756.48
2019-10-26 09:25:00,0,882.34,709.79,-56.48,-73.73,-64.85,760.03
2019-10-26 09:35:00,0,882.34,721.39,-66.82,-79.59,-78.04,752.93
2019-10-26 09:40:00,0,882.34,728.84,-68.23,-85.94,-82.14,778.62
2019-10-26 09:45:00,0,798.54,750.18,-54.06,-66.36,-65.13,801.15
2019-10-26 09:50:00,0,804.31,756.39,-66.2,-76.74,-66.44,797.91
2019-10-26 09:55:00,0,803.13,753.71,-61.72,-81.81,-70.6,795.92
2019-10-26 10:00:00,0,809.48,757.07,-61.83,-83.62,-69.14,803.57
2019-10-26 10:05:00,0,825.71,773.86,-70.74,-86.43,-85.07,815.54
2019-10-26 14:30:00,0,926.95,879.85,-58.56,-83.52,-61.07,853.95
2019-10-26 14:35:00,0,947.33,899.26,-65.79,-83.75,-66.46,875.05
2019-10-26 14:40:00,0,965.68,913.94,-58.28,-76.02,-60.96,894.34
2019-10-26 14:45:00,0,958.61,915.9,-66.1,-83.12,-64.72,889.63
2019-10-26 14:50:00,0,934.63,889.32,-60.67,-76.52,-61.64,869.14
2019-10-27 06:10:00,0,806.97,762.7,-215.26,-59.1,-55.94,797.13
2019-10-27 06:15:00,0,792.97,734.28,-56.54,-72.79,-77.08,787.13
2019-10-27 06:40:00,0,847.82,757.28,-215.26,-58.8,-54.6,820.95
2019-10-27 06:45:00,0,841.74,776.75,-215.26,-66.93,-69.01,828.95
2019-10-27 07:05:00,0,832.51,710.91,-69.68,-78.06,-80.74,828.24
2019-10-27 07:10:00,0,837.58,721.48,-78.75,-81.73,-93.76,832.18
2019-10-27 07:15:00,0,841.49,737.11,-75.04,-73.26,-79.66,835.99
2019-10-27 07:20:00,0,849.53,759.09,-67.8,-71.19,-74.77,841.11
2019-10-27 08:00:00,0,936.1,898.45,-58.41,-67.15,-55.47,897.87
2019-10-27 08:05:00,0,928.88,890.38,-60.07,-65.52,-59.39,886.49
2019-10-27 08:30:00,0,849.73,800.53,-66.11,-69.87,-70.23,824.46
2019-10-27 16:55:00,0,804.66,761.01,-70.68,-72.52,-50.61,913.18
2019-10-27 17:25:00,0,869.18,813.7,-57.64,-65.44,-52.62,819.05
2019-10-27 17:30:00,0,847.17,799.46,-68.3,-76.01,-57.58,833.04
2019-10-29 11:35:00,0,794.35,775.86,-59.01,-67.91,-57.71,810.89
2019-10-29 11:50:00,0,882.34,761.09,-77.1,-81.14,-72.48,831.82
2019-10-29 11:55:00,0,791.52,773.74,-61.07,-66.15,-53.8,847.86
2019-10-29 12:00:00,0,818.24,793.44,-66.23,-68.53,-53.5,842.92
2019-11-08 20:10:00,0,839.78,731.07,-85.8,-74.2,-74.77,783.48
2019-11-20 17:25:00,0,905.78,779.1,-65.83,-61.06,-54.77,830.2
2019-11-28 13:35:00,0,794.74,826.12,-93.04,-82.54,-72.95,817.59
2019-12-24 23:20:00,0,798.02,795.92,-215.26,-37.23,-169.39,1028.83
2019-12-25 00:50:00,0,967.47,917.59,-72.16,-50.0,-50.38,846.72
2019-12-25 00:55:00,0,959.15,889.67,-69.85,-81.07,-169.39,841.75
2019-12-25 01:15:00,0,859.75,846.81,-70.05,-77.33,-50.96,829.76
2019-12-25 01:45:00,0,882.34,899.62,-78.83,-78.86,-52.89,807.07
2019-12-25 02:10:00,0,894.74,826.49,-75.18,-78.18,-53.09,797.96
2019-12-25 02:15:00,0,932.81,817.24,-87.88,-89.57,-66.94,794.94
2019-12-25 02:25:00,0,922.57,817.64,-93.35,-95.94,-74.91,786.04
2019-12-25 02:30:00,0,956.38,822.55,-80.87,-86.94,-61.24,780.32
2019-12-25 02:35:00,0,961.21,824.44,-86.45,-91.2,-66.7,775.14
2019-12-25 02:40:00,0,916.17,819.68,-85.67,-87.74,-71.15,771.82
2019-12-25 03:30:00,0,964.55,824.54,-71.48,-78.74,-54.55,913.18
2020-02-23 09:15:00,0,882.34,747.79,-90.98,-53.45,-80.6,1040.88
2020-02-23 09:20:00,0,820.87,793.33,-101.08,-55.94,-85.5,889.99
2020-02-23 09:25:00,0,798.93,785.0,-116.34,-67.45,-109.51,833.17
2020-02-23 10:25:00,0,882.34,743.53,-215.26,-38.68,-52.48,1049.67
2020-02-23 10:30:00,0,882.34,740.74,-66.95,-44.34,-60.64,971.2
2020-02-23 10:35:00,0,838.0,774.5,-62.15,-44.87,-60.74,944.02
2020-03-02 17:40:00,0,837.34,833.96,-69.41,-66.04,-50.32,952.57
2020-05-02 00:15:00,0,882.34,694.51,-60.6,-31.78,-56.92,972.53
2020-05-02 00:35:00,0,794.78,733.68,-89.59,-96.65,-77.32,807.32
2020-05-02 00:40:00,0,818.23,755.37,-86.44,-98.09,-76.39,820.99
2020-05-02 10:55:00,0,832.45,853.3,-53.48,-63.87,-71.54,837.85
2020-05-17 10:35:00,0,796.61,827.02,-89.12,-68.47,-70.43,799.98
2020-05-21 11:20:00,0,816.97,823.58,-67.43,-52.54,-49.96,795.4
2020-05-21 11:35:00,0,809.92,804.87,-56.92,-41.44,-169.39,908.77
2020-05-21 11:40:00,0,793.88,784.42,-87.85,-57.9,-71.81,894.46
2020-05-26 11:15:00,0,838.89,842.59,-68.24,-54.02,-57.37,943.75
2020-05-26 11:25:00,0,816.18,815.6,-92.89,-63.95,-74.4,932.23
2020-05-28 02:05:00,0,882.34,795.53,-84.42,-57.64,-58.99,836.0
2020-05-28 02:10:00,0,882.34,771.06,-59.35,-37.44,-169.39,842.32
2020-07-17 15:15:00,0,794.98,796.39,-215.26,-23.66,-169.39,1019.94
2020-07-17 16:05:00,0,812.43,783.58,-63.09,-74.76,-52.35,804.4
2020-07-17 16:10:00,0,823.08,804.71,-91.92,-89.11,-77.54,815.33
2020-07-18 13:05:00,0,805.91,797.29,-103.43,-94.39,-78.77,774.33
2020-07-18 13:10:00,0,789.25,781.0,-107.13,-101.5,-89.89,787.57
2020-07-19 05:25:00,0,882.34,1018.76,-76.98,-78.46,-51.72,1000.78
2020-07-19 06:10:00,0,873.73,819.83,-69.66,-66.91,-50.65,836.82
2020-07-26 06:40:00,0,815.5,815.9,-128.85,-108.92,-75.68,786.87
2020-07-26 06:45:00,0,796.86,795.89,-73.99,-51.35,-169.39,755.87
2020-07-26 11:45:00,0,882.34,739.75,-54.66,-33.44,-169.39,815.78
2020-07-26 11:50:00,0,882.34,735.85,-62.35,-64.64,-56.48,776.27
2020-07-26 11:55:00,0,801.05,751.55,-63.96,-76.04,-54.55,791.2
2020-07-26 12:00:00,0,842.55,782.97,-74.97,-81.96,-64.29,815.05
2020-07-30 12:05:00,0,882.34,751.26,-67.69,-20.55,-59.83,784.81
2020-07-30 12:15:00,0,788.28,769.29,-99.25,-36.49,-80.75,780.52
2020-07-30 12:20:00,0,800.6,771.86,-96.54,-35.12,-73.6,801.17
2020-07-30 12:25:00,0,824.38,789.05,-76.49,-32.78,-65.84,823.93
2017-02-25 21:10:00,2,840.54,854.93,-266.28,-282.53,-243.68,874.73
2017-03-02 19:15:00,2,870.0,844.55,-292.98,-281.42,-269.04,806.69
2017-03-08 12:50:00,2,955.21,946.76,-190.92,-209.75,-160.55,1034.0
2017-03-19 16:25:00,2,882.34,963.62,-209.85,-198.6,-177.39,1035.09
2017-03-27 11:00:00,2,950.74,909.33,-195.89,-220.24,-153.33,1037.29
2017-03-27 11:15:00,2,954.66,924.66,-194.53,-221.34,-161.45,1016.4
2017-03-31 01:25:00,2,882.34,972.19,-200.51,-216.87,-155.64,1039.24
2017-04-04 02:05:00,2,962.61,942.92,-277.0,-300.55,-233.62,1012.64
2017-04-04 08:25:00,2,967.95,948.99,-274.04,-280.38,-229.87,1005.5
2017-04-13 15:15:00,2,965.07,915.07,-204.42,-220.66,-160.99,1051.04
2017-04-14 02:10:00,2,935.72,906.01,-196.74,-209.8,-160.95,1025.25
2017-04-14 10:25:00,2,951.75,945.87,-198.5,-209.7,-162.27,1026.24
2017-04-18 09:45:00,2,882.34,997.78,-210.6,-233.13,-176.0,1016.94
2017-04-19 23:55:00,2,958.54,999.63,-195.22,-215.37,-154.67,947.9
2017-04-20 02:50:00,2,882.34,984.01,-192.25,-215.68,-149.46,1050.85
2017-04-20 02:55:00,2,958.04,965.63,-196.99,-219.58,-153.35,1016.72
2017-04-20 03:10:00,2,882.34,970.59,-198.01,-217.62,-154.56,1037.86
2017-04-20 03:15:00,2,882.34,1021.87,-203.61,-222.2,-159.5,913.18
2017-04-20 03:20:00,2,882.34,1022.05,-212.17,-232.98,-167.39,1031.93
2017-04-20 03:45:00,2,882.34,976.05,-211.6,-230.52,-168.69,1035.97
2017-04-20 04:00:00,2,967.26,959.76,-216.46,-234.37,-175.7,1032.79
2017-04-20 04:05:00,2,882.34,980.41,-214.86,-236.25,-169.66,1025.93
2017-04-20 04:45:00,2,882.34,983.0,-212.05,-234.93,-169.16,1032.33
2017-04-20 05:00:00,2,882.34,971.02,-214.19,-236.13,-171.98,1050.16
2017-04-20 05:20:00,2,882.34,961.18,-216.03,-242.51,-171.14,1050.17
2017-04-21 03:15:00,2,956.83,915.4,-196.58,-222.55,-160.3,1016.84
2017-04-21 05:25:00,2,956.11,949.04,-191.34,-211.38,-156.21,1019.35
2017-04-22 15:55:00,2,968.12,937.94,-198.35,-203.58,-159.48,1001.71
2017-04-23 03:45:00,2,951.82,930.93,-199.08,-206.79,-157.09,1007.33
2017-04-23 16:55:00,2,961.81,959.1,-196.23,-205.86,-159.41,999.95
2017-04-24 20:50:00,2,933.63,946.36,-194.29,-214.27,-156.0,1018.83
2017-04-27 11:40:00,2,954.06,937.11,-191.68,-213.61,-158.87,1009.91
2017-04-28 02:00:00,2,949.12,938.2,-196.71,-209.44,-164.42,1013.06
2017-04-28 02:05:00,2,882.34,957.48,-193.37,-215.06,-159.99,1032.03
2017-04-28 02:25:00,2,959.61,948.38,-192.62,-217.53,-159.22,1016.88
2017-04-28 02:55:00,2,942.99,929.58,-191.54,-219.16,-155.25,1004.56
2017-04-28 03:25:00,2,950.27,949.2,-193.44,-216.94,-159.19,1015.7
2017-04-29 09:45:00,2,957.32,954.61,-194.88,-219.29,-162.75,1018.02
2017-05-01 14:40:00,2,961.52,950.78,-196.25,-217.58,-155.97,1013.32
2017-05-12 16:15:00,2,953.83,959.64,-201.11,-207.64,-157.46,997.24
2017-05-15 13:35:00,2,864.07,865.92,-265.11,-298.36,-250.84,883.44
2017-05-31 14:45:00,2,964.66,960.99,-211.0,-215.93,-156.65,996.26
2017-06-01 14:55:00,2,938.56,902.39,-193.18,-225.62,-146.18,1019.26
2017-06-04 19:30:00,2,882.34,1000.11,-204.5,-244.82,-172.7,1024.58
2017-06-04 19:40:00,2,882.34,979.19,-211.82,-250.8,-173.96,1022.5
2017-06-04 19:45:00,2,960.46,983.1,-200.15,-233.28,-160.04,1020.87
2017-06-05 13:30:00,2,960.03,994.79,-210.58,-240.59,-162.49,990.59
2017-06-05 13:35:00,2,882.34,1043.49,-204.54,-238.43,-158.4,1044.33
2017-06-05 13:40:00,2,925.49,1005.55,-199.79,-242.45,-160.78,1007.96
2017-06-05 13:45:00,2,963.04,994.08,-230.89,-269.05,-177.99,1006.8
2017-06-05 13:50:00,2,882.34,1036.44,-247.09,-286.95,-200.41,1027.49
2017-06-05 13:55:00,2,882.34,1031.73,-241.97,-291.64,-198.82,1044.65
2017-06-05 14:00:00,2,958.13,988.76,-246.4,-288.25,-197.74,1023.22
2017-06-05 14:05:00,2,882.34,991.04,-254.09,-308.66,-212.75,1022.13
2017-06-05 14:10:00,2,882.34,995.38,-239.73,-277.08,-186.36,1039.1
2017-06-05 14:25:00,2,882.34,1008.62,-213.12,-242.6,-153.0,1016.02
2017-06-05 14:30:00,2,882.34,1018.19,-219.64,-267.11,-170.5,1025.01
2017-06-05 14:35:00,2,933.94,989.55,-203.3,-234.74,-155.93,1008.44
2017-06-06 16:40:00,2,967.21,946.39,-201.27,-222.03,-143.5,981.7
2017-06-06 16:45:00,2,882.34,973.95,-196.37,-237.87,-145.73,991.87
2017-06-09 09:05:00,2,910.92,879.55,-198.88,-241.61,-147.89,1005.98
2017-06-09 09:40:00,2,924.97,894.6,-192.52,-230.71,-142.8,1021.76
2017-06-09 10:00:00,2,922.11,888.6,-198.96,-246.27,-151.02,1035.11
2017-06-09 14:50:00,2,956.17,935.73,-192.73,-227.67,-154.6,1024.6
2017-06-09 14:55:00,2,933.27,946.66,-183.4,-229.79,-144.61,1012.03
2017-06-09 15:00:00,2,956.71,953.95,-193.14,-238.82,-163.38,1027.57
2017-06-09 15:15:00,2,927.08,915.74,-197.42,-235.6,-152.64,1018.01
2017-06-15 09:50:00,2,962.79,898.35,-184.82,-223.42,-158.32,1029.45
2017-06-17 00:05:00,2,882.34,970.73,-190.57,-231.85,-143.58,996.79
2017-06-20 09:45:00,2,966.87,946.55,-190.28,-232.35,-159.73,1008.45
2017-06-24 19:40:00,2,963.17,956.15,-194.76,-200.42,-166.81,1006.77
2017-06-25 23:50:00,2,882.34,956.99,-199.7,-216.08,-162.76,1026.93
2017-06-26 00:05:00,2,946.99,909.25,-197.09,-210.73,-164.14,1036.3
2017-06-30 15:45:00,2,959.19,950.84,-194.77,-207.83,-159.21,1016.23
2017-06-30 15:50:00,2,962.53,968.96,-194.58,-205.47,-158.64,1035.41
2017-06-30 15:55:00,2,964.85,977.65,-191.59,-201.62,-156.87,1037.49
2017-07-01 00:40:00,2,935.99,929.78,-193.34,-221.28,-157.82,1021.22
2017-07-11 21:25:00,2,882.34,965.88,-311.62,-198.48,-169.39,1035.07
2017-07-11 23:15:00,2,882.34,952.97,-275.92,-315.35,-242.98,1036.65
2017-07-28 23:15:00,2,882.34,950.51,-197.15,-215.03,-155.87,1004.53
2017-07-29 13:00:00,2,966.98,937.21,-213.03,-217.53,-158.54,1009.23
2017-07-31 17:55:00,2,882.34,982.62,-207.53,-217.96,-169.01,1016.32
2017-08-06 14:15:00,2,968.61,948.64,-214.37,-218.95,-161.81,1012.33
2017-08-25 04:15:00,2,967.88,949.42,-189.49,-212.72,-161.4,996.43
2017-09-13 23:00:00,2,882.34,871.35,-215.26,-198.48,-169.39,1058.0
2017-09-13 23:05:00,2,882.34,871.35,-215.26,-198.48,-169.39,1046.94
2017-10-21 16:40:00,2,965.66,945.97,-189.16,-205.54,-163.99,1006.02
2017-10-21 17:40:00,2,882.34,961.47,-194.03,-210.84,-171.51,1028.69
2017-10-21 17:45:00,2,967.38,961.65,-193.15,-211.6,-171.67,1030.17
2017-10-23 08:50:00,2,882.34,977.57,-194.45,-205.01,-178.93,1028.46
2017-10-23 12:25:00,2,882.34,970.05,-195.75,-208.18,-180.41,1021.87
2017-11-14 08:40:00,2,959.12,908.51,-296.11,-289.67,-273.59,990.03
2017-11-16 19:15:00,2,882.34,929.33,-312.64,-272.75,-269.38,1052.98
2017-11-16 19:20:00,2,953.72,954.98,-359.46,-311.21,-169.39,1022.15
2017-11-16 19:30:00,2,882.34,916.02,-215.26,-322.02,-169.39,1034.35
2017-11-16 19:35:00,2,845.9,897.17,-289.54,-255.37,-273.67,878.79
2017-11-17 10:15:00,2,882.34,976.66,-248.93,-198.33,-213.63,1045.0
2017-11-17 10:30:00,2,882.34,976.11,-293.46,-234.3,-249.55,1013.37
2017-11-17 10:55:00,2,947.5,990.39,-249.66,-215.62,-202.07,1053.96
2017-11-18 22:40:00,2,958.37,957.91,-262.53,-264.19,-217.09,1051.75
2017-12-17 02:25:00,2,966.18,918.7,-197.37,-207.98,-156.41,988.89
2017-12-25 12:05:00,2,882.34,965.77,-192.82,-217.38,-150.71,1012.83
2017-12-25 14:00:00,2,959.7,933.04,-303.99,-313.48,-261.39,988.89
2017-12-27 16:00:00,2,859.32,888.95,-314.5,-342.18,-271.5,885.2
2017-12-30 13:00:00,2,882.34,924.95,-319.6,-344.5,-266.11,1022.21
2018-01-01 12:45:00,2,882.34,956.12,-277.67,-280.65,-229.66,1048.3
2018-01-01 17:15:00,2,882.34,973.88,-212.93,-210.56,-165.65,1017.63
2018-01-01 17:20:00,2,923.17,967.27,-205.71,-212.11,-157.64,1022.43
2018-01-02 22:45:00,2,963.62,931.4,-301.14,-320.38,-261.4,1008.57
2018-01-08 03:10:00,2,882.34,923.16,-199.76,-210.67,-160.94,1033.79
2018-01-19 18:45:00,2,882.34,971.79,-302.82,-309.96,-258.78,1006.9
2018-01-29 02:15:00,2,882.34,899.2,-319.67,-296.2,-249.53,986.89
2018-02-01 06:50:00,2,858.36,857.14,-294.58,-298.54,-226.49,876.59
2018-02-01 08:00:00,2,855.62,857.4,-288.57,-297.76,-220.35,874.11
2018-02-01 08:05:00,2,851.21,853.87,-296.65,-305.32,-225.11,872.13
2018-02-01 08:15:00,2,849.65,852.78,-290.79,-298.96,-225.79,876.04
2018-02-01 08:40:00,2,849.85,854.81,-290.3,-297.22,-220.29,864.96
2018-02-02 20:00:00,2,882.34,1032.76,-211.59,-193.31,-160.45,913.18
2018-02-14 10:50:00,2,882.34,953.82,-295.88,-294.46,-221.36,1049.62
2018-02-15 04:30:00,2,960.08,936.23,-214.86,-203.0,-159.76,1024.94
2018-02-15 04:35:00,2,882.34,955.1,-215.05,-205.56,-159.05,1037.04
2018-02-17 09:50:00,2,882.34,871.35,-215.26,-198.48,-169.39,1044.76
2018-02-17 14:25:00,2,953.23,960.43,-201.57,-207.06,-150.38,997.3
2018-02-17 15:15:00,2,965.67,966.32,-212.17,-212.11,-157.36,989.59
2018-02-17 15:50:00,2,882.34,973.86,-209.25,-207.86,-156.44,1036.54
2018-02-17 16:00:00,2,949.7,936.09,-206.8,-203.61,-156.84,1010.72
2018-02-17 16:40:00,2,959.53,950.01,-212.29,-205.79,-159.35,1014.58
2018-02-17 16:45:00,2,949.78,951.75,-208.91,-192.84,-158.48,1013.9
2018-02-17 17:00:00,2,882.34,960.75,-206.01,-211.59,-154.7,1011.01
2018-02-17 17:05:00,2,882.34,966.25,-215.33,-208.44,-165.05,1030.06
2018-02-18 09:25:00,2,882.34,977.8,-230.81,-220.01,-168.77,1047.99
2018-02-21 05:40:00,2,882.34,921.75,-325.67,-198.48,-273.14,992.65
2018-02-22 00:55:00,2,854.4,860.49,-282.67,-305.03,-231.72,877.12
2018-02-22 12:25:00,2,882.34,980.59,-304.23,-323.73,-251.94,913.18
2018-02-22 12:30:00,2,891.69,894.31,-316.14,-321.59,-260.31,837.21
2018-02-22 20:30:00,2,964.74,1001.69,-226.53,-231.45,-166.9,1047.97
2018-02-22 22:30:00,2,946.63,985.49,-234.13,-240.62,-176.05,1051.38
2018-02-23 00:20:00,2,955.56,962.22,-292.31,-320.03,-227.65,1040.16
2018-02-23 04:50:00,2,958.61,981.17,-257.69,-263.44,-199.2,1049.1
2018-02-23 13:50:00,2,882.34,1025.82,-310.64,-333.33,-245.25,913.18
2018-02-23 14:00:00,2,953.19,966.41,-272.85,-270.52,-204.86,1044.03
2018-02-23 14:45:00,2,882.34,1013.81,-230.77,-223.51,-178.95,1044.93
2018-02-23 15:05:00,2,946.99,974.51,-248.69,-236.97,-175.24,1041.18
2018-02-23 16:05:00,2,948.26,980.71,-246.61,-241.58,-180.22,1055.71
2018-02-23 17:15:00,2,955.17,978.07,-249.18,-243.14,-187.06,1043.85
2018-02-23 20:45:00,2,949.25,975.23,-262.72,-258.27,-194.73,1033.89
2018-02-23 20:50:00,2,956.43,980.35,-260.84,-250.04,-199.84,1056.86
2018-02-24 07:50:00,2,958.25,962.19,-229.73,-218.34,-169.47,1033.91
2018-02-28 16:00:00,2,926.51,933.14,-198.85,-207.84,-156.97,1016.98
2018-02-28 18:25:00,2,954.02,959.21,-201.33,-211.25,-159.62,1016.44
2018-02-28 22:30:00,2,882.34,999.65,-201.24,-215.0,-164.46,1026.48
2018-02-28 22:50:00,2,882.34,964.43,-205.86,-219.15,-165.02,1031.95
2018-02-28 23:05:00,2,951.64,936.77,-202.99,-215.63,-159.56,1027.39
2018-02-28 23:25:00,2,950.02,956.57,-206.26,-211.28,-159.16,909.98
2018-02-28 23:30:00,2,882.34,986.59,-197.84,-209.61,-161.35,1032.66
2018-03-01 06:35:00,2,861.95,856.34,-301.67,-323.64,-264.07,1024.63
2018-03-01 13:05:00,2,882.34,977.76,-200.56,-221.52,-167.89,1019.52
2018-03-01 13:15:00,2,840.83,840.18,-301.47,-315.16,-258.06,895.18
2018-03-01 13:20:00,2,846.56,849.52,-295.2,-302.8,-257.77,901.76
2018-03-01 17:50:00,2,949.57,943.1,-202.19,-203.17,-161.53,1007.6
2018-03-01 19:50:00,2,942.58,928.22,-200.63,-210.61,-159.81,1016.41
2018-03-02 17:10:00,2,885.33,856.26,-331.85,-334.49,-169.39,918.46
2018-03-03 17:45:00,2,967.0,948.16,-204.21,-214.06,-165.74,1022.7
2018-03-04 07:25:00,2,882.34,966.53,-205.57,-219.11,-163.79,1035.93
2018-03-16 06:00:00,2,952.5,871.35,-314.12,-311.43,-259.59,1002.52
2018-03-17 16:50:00,2,882.34,871.35,-307.33,-283.94,-252.59,997.38
2018-03-20 18:55:00,2,882.34,987.25,-226.12,-212.66,-174.05,1030.44
2018-03-20 21:25:00,2,964.69,968.28,-223.82,-206.85,-174.39,1019.86
2018-03-20 21:35:00,2,963.05,980.51,-226.79,-208.52,-176.77,1022.37
2018-03-21 01:20:00,2,968.41,975.46,-221.08,-195.07,-171.79,1010.62
2018-03-30 12:25:00,2,882.34,949.79,-300.11,-272.79,-258.2,1041.42
2018-03-30 12:45:00,2,964.45,943.93,-305.43,-290.32,-250.32,993.43
2018-04-04 01:30:00,2,882.34,871.35,-215.26,-198.48,-169.39,1047.0
2018-04-04 01:45:00,2,882.34,871.35,-215.26,-198.48,-169.39,1042.95
2018-04-04 01:50:00,2,882.34,871.35,-215.26,-198.48,-169.39,1055.06
2018-04-04 02:10:00,2,882.34,871.35,-215.26,-198.48,-169.39,1043.77
2018-04-04 02:25:00,2,882.34,871.35,-215.26,-198.48,-169.39,1043.26
2018-04-04 02:30:00,2,882.34,871.35,-215.26,-198.48,-169.39,1056.99
2018-04-04 02:40:00,2,882.34,871.35,-215.26,-198.48,-169.39,1054.48
2018-04-04 02:45:00,2,882.34,871.35,-215.26,-198.48,-169.39,1046.42
2018-04-04 10:10:00,2,962.29,975.82,-214.85,-208.82,-148.08,1028.66
2018-04-04 13:00:00,2,968.39,977.98,-245.68,-236.45,-184.91,1028.41
2018-04-04 13:30:00,2,967.8,984.43,-243.56,-240.98,-183.21,1029.38
2018-04-04 13:35:00,2,966.5,988.91,-242.46,-233.56,-179.86,1037.39
2018-04-04 14:25:00,2,962.88,972.54,-256.32,-249.33,-188.84,1028.23
2018-04-05 16:55:00,2,963.48,980.91,-230.19,-239.3,-173.81,1018.98
2018-04-05 19:15:00,2,963.82,980.97,-221.56,-227.05,-167.12,1007.48
2018-04-06 04:50:00,2,882.34,993.97,-206.65,-202.04,-154.8,1023.5
2018-04-10 20:20:00,2,882.34,991.88,-319.3,-308.08,-259.38,913.18
2018-04-11 03:30:00,2,940.35,967.34,-211.7,-186.51,-159.9,1029.52
2018-04-16 03:10:00,2,945.85,839.25,-304.34,-282.32,-225.52,1011.8
2018-04-16 04:00:00,2,920.15,837.57,-359.31,-335.99,-169.39,1000.14
2018-04-16 04:05:00,2,939.68,848.13,-341.99,-336.31,-269.26,975.77
2018-04-16 14:30:00,2,920.35,871.71,-352.24,-198.48,-169.39,877.47
2018-04-17 00:45:00,2,963.51,872.85,-286.46,-273.0,-219.04,1048.48
2018-04-17 03:05:00,2,922.06,865.16,-339.52,-325.19,-267.98,1047.73
2018-04-17 03:15:00,2,882.88,886.22,-324.42,-310.57,-250.08,931.49
2018-04-17 03:30:00,2,856.32,881.14,-338.26,-318.49,-250.51,894.06
2018-04-17 03:40:00,2,952.77,876.44,-310.55,-294.38,-233.26,999.63
2018-04-18 00:00:00,2,940.51,854.76,-329.93,-298.43,-265.9,989.16
2018-04-19 18:10:00,2,947.34,823.03,-295.18,-278.31,-224.18,1027.53
2018-04-19 18:25:00,2,963.22,826.91,-278.29,-255.76,-213.32,1036.78
2018-04-19 19:15:00,2,964.27,824.45,-230.0,-207.23,-167.5,1038.55
2018-04-29 01:40:00,2,955.75,871.35,-227.31,-193.51,-162.88,1021.96
2018-05-01 19:25:00,2,955.11,982.98,-213.95,-205.36,-162.77,1011.78
2018-05-01 22:55:00,2,939.61,964.18,-214.3,-206.06,-161.7,1042.76
2018-05-01 23:00:00,2,954.56,976.35,-221.71,-216.11,-169.98,1036.3
2018-05-01 23:05:00,2,963.91,967.84,-213.56,-205.84,-161.55,1018.54
2018-05-17 17:15:00,2,964.04,871.35,-330.27,-330.97,-169.39,987.45
2018-05-17 22:55:00,2,882.34,878.99,-314.97,-294.86,-169.39,1029.45
2018-05-17 23:00:00,2,857.83,825.73,-346.75,-345.59,-169.39,951.73
2018-05-18 17:40:00,2,892.51,842.93,-299.02,-294.02,-255.12,949.11
2018-05-21 01:45:00,2,968.8,937.3,-299.78,-284.14,-241.22,968.85
2018-05-24 16:50:00,2,857.3,864.96,-317.32,-282.06,-249.32,883.08
2018-05-25 14:30:00,2,954.94,869.87,-315.69,-283.38,-251.53,945.61
2018-05-25 15:50:00,2,961.23,869.82,-304.04,-272.66,-242.82,991.5
2018-05-25 21:50:00,2,893.54,854.02,-318.5,-286.44,-254.05,943.74
2018-05-25 22:05:00,2,882.34,885.51,-317.56,-287.11,-256.22,967.76
2018-05-26 08:05:00,2,903.52,855.13,-322.19,-297.19,-250.84,948.97
2018-05-26 08:45:00,2,928.04,863.94,-316.31,-292.54,-248.34,958.59
2018-05-26 10:50:00,2,950.15,883.95,-310.72,-289.9,-246.28,955.41
2018-05-26 20:55:00,2,882.34,947.73,-303.4,-284.03,-238.33,1044.1
2018-05-26 21:15:00,2,882.34,937.28,-312.04,-295.74,-241.44,991.71
2018-05-26 21:20:00,2,882.34,941.51,-295.56,-274.29,-233.27,1038.14
2018-05-26 22:25:00,2,882.34,993.53,-287.89,-274.17,-225.06,1037.44
2018-05-27 09:00:00,2,967.42,950.62,-213.43,-195.3,-163.35,1012.54
2018-05-28 04:00:00,2,857.68,837.02,-311.75,-290.21,-253.42,940.22
2018-05-28 07:40:00,2,966.92,916.5,-311.92,-286.99,-248.49,947.02
2018-05-29 02:35:00,2,919.9,892.19,-309.33,-290.14,-253.23,975.85
2018-05-29 10:45:00,2,882.34,911.5,-300.52,-294.08,-247.79,1003.95
2018-05-29 16:50:00,2,882.34,919.41,-318.92,-298.36,-266.14,996.74
2018-05-30 03:45:00,2,960.5,891.83,-328.27,-305.57,-277.22,976.62
2018-05-30 08:05:00,2,927.68,889.06,-326.1,-308.18,-260.45,965.93
2018-05-30 10:30:00,2,882.34,906.6,-322.75,-294.72,-256.65,973.2
2018-05-30 10:45:00,2,952.79,903.2,-308.68,-297.04,-241.89,967.6
2018-05-30 11:00:00,2,939.59,886.03,-317.54,-295.97,-249.44,945.25
2018-05-30 11:20:00,2,925.1,886.11,-321.0,-296.64,-253.35,947.58
2018-05-30 12:00:00,2,935.66,886.55,-325.67,-300.01,-260.64,956.44
2018-05-30 12:55:00,2,884.48,855.52,-313.36,-298.29,-248.81,904.68
2018-05-30 13:15:00,2,873.54,867.41,-312.87,-298.09,-247.4,898.9
2018-05-30 13:25:00,2,950.99,882.73,-327.39,-311.81,-259.78,955.87
2018-05-30 13:40:00,2,941.78,885.01,-321.98,-302.88,-257.11,945.71
2018-05-30 14:20:00,2,955.57,885.66,-338.37,-323.41,-269.41,956.2
2018-05-30 14:35:00,2,901.8,871.3,-335.87,-312.12,-271.96,916.44
2018-05-30 14:40:00,2,923.06,878.9,-332.52,-309.62,-266.26,931.55
2018-05-30 14:50:00,2,910.49,889.37,-328.49,-317.62,-255.56,953.4
2018-05-31 02:30:00,2,959.46,865.83,-306.66,-291.69,-238.41,970.46
2018-05-31 03:15:00,2,875.12,858.92,-309.34,-290.56,-243.78,876.27
2018-05-31 03:20:00,2,873.9,853.18,-303.95,-289.21,-239.19,882.37
2018-05-31 03:25:00,2,866.31,844.69,-302.79,-286.47,-236.24,865.95
2018-05-31 03:30:00,2,876.66,840.67,-312.69,-292.85,-244.54,886.94
2018-05-31 03:55:00,2,873.48,857.44,-316.71,-306.6,-250.04,875.67
2018-05-31 04:45:00,2,926.99,871.02,-318.46,-302.73,-251.81,941.03
2018-05-31 05:00:00,2,938.53,884.05,-311.15,-302.91,-247.19,967.87
2018-05-31 05:30:00,2,930.06,883.34,-322.06,-309.39,-249.03,971.95
2018-05-31 06:00:00,2,927.11,880.73,-318.79,-309.65,-254.28,958.42
2018-05-31 06:15:00,2,937.07,887.17,-319.07,-306.26,-251.13,963.14
2018-05-31 07:35:00,2,882.34,914.23,-303.12,-295.13,-237.59,998.48
2018-05-31 07:55:00,2,912.54,900.84,-327.19,-312.02,-257.88,944.48
2018-05-31 08:05:00,2,953.52,894.49,-333.23,-318.7,-271.78,960.13
2018-05-31 08:15:00,2,882.34,919.4,-304.8,-294.21,-246.25,998.12
2018-05-31 08:45:00,2,882.34,920.88,-342.49,-324.08,-169.39,1006.77
2018-05-31 08:50:00,2,873.62,892.78,-316.72,-301.44,-245.67,879.73
2018-06-01 09:45:00,2,964.05,971.51,-209.12,-202.82,-151.76,1004.6
2018-06-02 06:40:00,2,882.34,955.52,-303.58,-293.72,-237.47,993.62
2018-06-02 06:45:00,2,958.25,946.56,-308.43,-296.91,-247.22,997.73
2018-06-02 06:50:00,2,958.19,942.79,-319.09,-306.44,-256.8,996.63
2018-06-02 07:00:00,2,870.75,868.52,-305.19,-297.74,-241.56,877.06
2018-06-02 07:05:00,2,953.6,917.82,-321.78,-300.04,-252.54,964.4
2018-06-02 10:10:00,2,830.43,830.96,-353.42,-333.47,-169.39,829.02
2018-06-02 16:25:00,2,882.34,970.64,-310.37,-286.31,-251.96,986.67
2018-06-02 21:05:00,2,878.7,873.65,-321.64,-280.88,-257.94,918.28
2018-06-02 21:25:00,2,862.0,866.38,-308.39,-283.2,-241.95,902.06
2018-06-04 16:40:00,2,943.45,870.23,-330.48,-272.11,-248.36,865.88
2018-06-04 19:40:00,2,938.4,869.4,-313.28,-275.63,-247.22,859.95
2018-06-04 21:45:00,2,901.58,852.59,-334.5,-286.81,-250.07,846.4
2018-06-05 01:20:00,2,882.34,917.79,-334.57,-304.6,-265.97,873.64
2018-06-05 02:20:00,2,882.34,959.15,-362.97,-338.67,-169.39,862.29
2018-06-05 04:15:00,2,936.19,961.71,-323.06,-287.45,-246.17,996.75
2018-06-07 12:50:00,2,882.34,955.66,-208.28,-204.15,-154.47,1044.42
2018-06-08 16:15:00,2,949.43,905.49,-299.83,-288.55,-239.33,1037.79
2018-06-08 20:30:00,2,962.83,904.25,-288.19,-268.28,-215.41,1053.62
2018-06-09 01:55:00,2,950.45,862.86,-289.86,-258.46,-227.24,1048.88
2018-06-09 22:50:00,2,882.34,965.1,-309.92,-303.92,-256.8,913.18
2018-06-10 07:50:00,2,967.36,987.57,-257.95,-199.64,-185.92,913.18
2018-06-10 09:35:00,2,958.18,974.06,-266.03,-220.87,-198.71,1032.77
2018-06-10 14:15:00,2,959.43,976.5,-303.68,-266.33,-233.09,1018.37
2018-06-10 14:35:00,2,945.71,961.52,-313.3,-282.54,-243.42,1016.2
2018-06-10 14:40:00,2,959.73,973.81,-306.09,-276.7,-239.58,1007.58
2018-06-10 15:05:00,2,882.34,995.61,-293.11,-201.12,-224.19,1041.71
2018-06-10 15:10:00,2,882.34,1027.83,-303.67,-114.25,-233.81,913.18
2018-06-10 16:45:00,2,938.07,959.47,-297.78,-257.53,-226.1,1037.12
2018-06-10 19:15:00,2,939.19,956.21,-304.77,-274.17,-236.55,1046.15
2018-06-10 19:35:00,2,938.39,955.24,-299.73,-268.02,-233.21,1034.34
2018-06-10 21:05:00,2,967.2,980.42,-292.07,-276.61,-218.58,1030.81
2018-06-10 21:10:00,2,882.34,979.76,-293.78,-284.27,-224.46,1017.98
2018-06-10 23:40:00,2,951.97,970.55,-282.64,-274.69,-215.35,1019.92
2018-06-11 00:30:00,2,947.29,964.01,-301.66,-276.91,-234.35,1017.17
2018-06-11 02:45:00,2,953.04,967.12,-290.22,-271.98,-222.35,1035.25
2018-06-11 03:25:00,2,947.98,959.95,-299.22,-286.59,-231.6,997.52
2018-06-11 03:35:00,2,960.8,972.43,-297.91,-284.59,-229.15,1012.33
2018-06-11 04:00:00,2,936.56,948.37,-300.9,-290.95,-236.39,1024.17
2018-06-11 04:05:00,2,882.34,986.93,-297.23,-287.26,-228.58,1036.12
2018-06-11 04:10:00,2,961.3,971.8,-290.02,-282.86,-228.03,1000.97
2018-06-11 05:35:00,2,947.0,959.08,-302.61,-294.62,-235.78,1014.1
2018-06-11 07:00:00,2,952.95,962.44,-290.58,-276.69,-221.49,1025.01
2018-06-11 12:50:00,2,956.2,961.52,-295.14,-275.95,-223.81,1038.89
2018-06-11 13:10:00,2,938.3,951.9,-300.29,-294.32,-235.0,1013.62
2018-06-11 14:00:00,2,959.63,974.66,-286.5,-277.65,-225.14,1025.74
2018-06-11 14:15:00,2,882.34,990.15,-289.17,-267.04,-215.84,1033.58
2018-06-11 14:35:00,2,882.34,994.68,-285.29,-263.92,-212.14,1057.96
2018-06-11 17:10:00,2,951.72,960.53,-303.76,-299.81,-237.18,894.39
2018-06-11 17:25:00,2,938.31,950.03,-300.79,-296.35,-236.3,999.81
2018-06-11 18:45:00,2,938.25,950.02,-301.9,-296.76,-236.6,1000.6
2018-06-11 19:00:00,2,954.17,961.12,-298.24,-289.83,-228.17,1013.58
2018-06-11 20:05:00,2,962.7,961.79,-308.32,-304.17,-240.57,1026.49
2018-06-11 22:30:00,2,955.84,956.15,-291.34,-283.49,-227.85,1014.0
2018-06-11 23:35:00,2,952.14,950.15,-299.71,-299.71,-233.77,1003.7
2018-06-12 04:00:00,2,962.55,961.85,-298.82,-277.52,-231.37,1016.68
2018-06-12 04:05:00,2,882.34,977.72,-316.38,-290.86,-242.38,1033.2
2018-06-12 04:20:00,2,941.58,947.35,-316.08,-293.9,-245.12,993.34
2018-06-12 04:25:00,2,882.34,989.83,-305.07,-275.16,-237.98,1047.13
2018-06-12 04:40:00,2,952.97,956.31,-309.86,-291.33,-238.4,999.35
2018-06-12 05:10:00,2,952.16,956.45,-303.65,-287.83,-237.04,1003.24
2018-06-12 05:15:00,2,882.34,971.1,-306.56,-288.68,-236.24,1019.1
2018-06-12 05:20:00,2,882.34,979.83,-298.85,-283.72,-230.93,1022.1
2018-06-12 05:30:00,2,961.55,968.69,-297.57,-283.54,-227.74,992.83
2018-06-12 10:40:00,2,882.34,990.27,-232.55,-230.18,-175.8,1039.37
2018-06-12 23:05:00,2,872.12,891.86,-306.88,-294.14,-239.78,880.24
2018-06-14 13:45:00,2,961.52,954.29,-301.11,-289.03,-227.85,969.84
2018-06-14 17:25:00,2,925.54,924.91,-323.07,-295.0,-250.17,958.32
2018-06-14 19:55:00,2,882.34,973.88,-283.3,-279.75,-220.26,1031.61
2018-06-15 13:30:00,2,948.75,938.43,-311.58,-298.27,-240.26,1019.15
2018-06-15 13:35:00,2,882.34,967.61,-215.26,-198.48,-169.39,1051.04
2018-06-15 13:45:00,2,890.53,886.86,-319.16,-320.89,-257.76,889.74
2018-06-15 13:55:00,2,885.23,885.28,-322.75,-325.61,-260.01,928.22
2018-06-15 14:05:00,2,949.89,925.75,-330.44,-321.33,-256.33,912.28
2018-06-15 14:20:00,2,871.45,862.27,-295.33,-289.42,-236.39,854.51
2018-06-16 07:55:00,2,952.14,902.92,-304.57,-304.36,-243.96,983.29
2018-06-16 08:55:00,2,940.91,890.86,-319.32,-321.71,-256.65,1012.36
2018-06-16 09:00:00,2,950.2,894.96,-338.96,-348.0,-278.47,993.49
2018-06-16 09:05:00,2,895.28,867.89,-317.52,-321.89,-252.46,901.44
2018-06-16 09:20:00,2,882.34,909.09,-302.36,-296.34,-237.08,1026.88
2018-06-16 09:25:00,2,882.34,924.99,-298.95,-298.18,-241.71,1029.5
2018-06-17 23:45:00,2,967.18,944.26,-284.48,-264.78,-217.87,1039.85
2018-06-18 04:35:00,2,964.12,949.52,-298.13,-287.09,-228.13,1011.25
2018-06-18 11:00:00,2,894.7,888.96,-342.1,-318.72,-252.11,916.33
2018-06-18 11:10:00,2,901.97,893.99,-341.16,-321.41,-255.12,922.74
2018-06-18 12:15:00,2,939.53,940.51,-316.53,-296.61,-231.03,994.39
2018-06-18 12:45:00,2,937.99,934.87,-220.71,-207.03,-159.75,1035.48
2018-06-18 21:05:00,2,941.92,991.46,-273.13,-264.93,-205.85,1052.06
2018-06-18 21:10:00,2,968.39,1004.81,-264.91,-243.43,-188.33,913.18
2018-06-18 22:25:00,2,963.42,965.9,-283.14,-289.21,-220.36,913.18
2018-06-18 23:00:00,2,955.55,950.29,-298.84,-287.55,-222.95,913.18
2018-06-18 23:05:00,2,882.34,904.02,-313.31,-308.38,-248.95,1043.93
2018-06-19 06:15:00,2,957.89,963.44,-274.64,-248.75,-200.33,1034.24
2018-06-19 07:25:00,2,942.19,973.96,-285.4,-272.6,-208.65,1037.89
2018-06-19 07:30:00,2,951.8,978.81,-278.32,-261.5,-204.96,1045.9
2018-06-19 17:15:00,2,882.34,956.57,-220.34,-211.64,-163.48,1048.66
2018-06-21 21:25:00,2,915.45,1010.82,-204.21,-199.95,-149.79,992.54
2018-06-21 21:30:00,2,933.49,1035.73,-215.62,-213.65,-156.64,1022.69
2018-06-21 22:40:00,2,943.18,1005.23,-213.23,-202.6,-150.96,1007.79
2018-06-21 22:45:00,2,959.54,1034.9,-248.33,-234.4,-180.35,1033.33
2018-06-21 23:40:00,2,954.34,994.45,-247.93,-238.08,-181.87,1034.13
2018-06-22 01:50:00,2,948.96,1020.97,-268.35,-256.03,-195.18,1040.21
2018-06-22 18:30:00,2,888.83,1044.21,-299.07,-299.84,-236.77,1042.25
2018-06-22 22:05:00,2,903.35,996.08,-348.93,-335.4,-169.39,1051.22
2018-06-22 22:25:00,2,915.91,996.29,-362.15,-349.71,-169.39,1036.94
2018-06-22 23:35:00,2,952.5,987.88,-271.4,-259.97,-204.97,1045.48
2018-06-23 10:25:00,2,938.68,960.36,-329.93,-320.55,-276.34,1038.64
2018-06-23 14:35:00,2,916.27,938.71,-315.76,-289.51,-251.31,1000.56
2018-06-23 18:00:00,2,948.97,978.62,-315.36,-310.47,-257.42,1047.81
2018-06-23 19:15:00,2,928.68,951.76,-304.26,-285.7,-235.64,1025.87
2018-06-23 19:55:00,2,919.82,941.45,-311.76,-291.99,-237.72,1015.91
2018-06-23 21:25:00,2,928.46,886.53,-335.32,-332.89,-278.36,1030.39
2018-06-23 22:20:00,2,935.61,878.54,-306.56,-298.36,-238.15,1036.19
2018-06-23 22:25:00,2,941.54,879.93,-319.74,-301.46,-256.81,1006.68
2018-06-23 22:50:00,2,865.31,850.14,-298.76,-284.34,-227.91,863.88
2018-06-23 22:55:00,2,858.97,849.47,-299.9,-285.45,-232.11,884.49
2018-06-24 00:15:00,2,935.54,975.37,-297.85,-277.34,-224.24,1035.52
2018-06-24 00:25:00,2,948.79,985.21,-342.71,-331.25,-266.63,1045.13
2018-06-24 04:30:00,2,894.32,932.4,-326.45,-301.87,-247.05,973.34
2018-06-24 04:35:00,2,950.58,971.19,-299.62,-283.03,-232.91,1026.36
2018-06-24 04:50:00,2,960.24,1006.88,-296.05,-278.8,-228.21,1030.28
2018-06-24 05:05:00,2,967.61,1007.4,-267.72,-250.46,-202.59,1024.83
2018-06-24 05:25:00,2,960.61,983.51,-256.82,-245.17,-189.04,1031.14
2018-06-24 14:25:00,2,937.16,964.71,-300.3,-278.86,-227.8,1031.59
2018-06-24 20:25:00,2,923.74,960.87,-309.07,-290.88,-240.17,976.43
2018-06-24 20:45:00,2,906.69,955.94,-318.98,-296.8,-247.02,968.61
2018-06-24 20:50:00,2,923.47,974.35,-324.07,-302.15,-252.41,984.48
2018-06-24 21:10:00,2,905.66,955.39,-323.6,-297.14,-250.72,967.3
2018-06-24 21:20:00,2,904.64,935.2,-329.56,-281.84,-254.72,913.18
2018-06-24 21:25:00,2,909.39,952.35,-322.59,-297.51,-255.53,913.18
2018-06-24 21:30:00,2,923.14,975.35,-323.5,-304.22,-251.08,913.18
2018-06-25 01:00:00,2,919.97,968.3,-316.8,-299.76,-242.12,998.66
2018-06-25 04:40:00,2,917.07,976.02,-302.2,-284.25,-226.87,1025.63
2018-06-25 05:25:00,2,898.43,947.37,-331.44,-299.41,-252.31,978.51
2018-06-25 08:05:00,2,910.28,958.32,-319.52,-289.92,-243.51,1001.99
2018-06-25 12:00:00,2,940.25,970.42,-319.37,-298.85,-242.62,1002.87
2018-06-25 12:10:00,2,899.81,881.12,-312.56,-297.62,-243.34,853.94
2018-06-25 12:25:00,2,888.16,935.76,-321.17,-294.94,-243.12,986.9
2018-06-25 12:30:00,2,896.12,953.96,-315.11,-299.72,-238.97,994.5
2018-06-25 12:55:00,2,907.67,967.72,-331.56,-314.68,-251.93,998.34
2018-06-25 17:05:00,2,910.71,968.2,-298.93,-265.84,-223.13,1047.13
2018-06-25 17:50:00,2,879.72,938.68,-322.04,-304.19,-251.02,1008.48
2018-06-25 22:35:00,2,895.67,936.17,-325.9,-312.31,-255.66,993.26
2018-06-26 00:40:00,2,945.26,969.45,-296.01,-283.48,-221.17,1056.21
2018-06-26 08:50:00,2,923.72,970.24,-299.8,-290.58,-223.7,1026.44
2018-06-26 09:00:00,2,931.78,964.57,-294.09,-288.01,-221.31,1035.61
2018-06-26 09:30:00,2,943.47,955.96,-292.76,-271.92,-214.33,1040.04
2018-06-26 11:45:00,2,938.85,969.37,-293.88,-276.8,-222.29,1036.08
2018-06-26 11:50:00,2,949.06,975.42,-284.58,-267.82,-214.59,1045.88
2018-06-26 11:55:00,2,957.9,970.32,-290.58,-276.18,-217.85,1057.81
2018-06-26 12:10:00,2,915.95,823.45,-308.07,-295.65,-241.52,899.32
2018-06-26 12:30:00,2,963.48,1030.34,-199.29,-199.36,-140.43,1041.51
2018-06-26 17:35:00,2,964.04,1022.69,-257.09,-243.1,-188.13,1041.56
2018-06-27 19:35:00,2,938.87,995.1,-223.51,-222.83,-167.21,1039.1
2018-06-27 20:20:00,2,899.11,1016.7,-209.64,-203.52,-153.19,1029.31
2018-06-27 21:15:00,2,904.03,989.22,-208.08,-203.05,-147.0,1040.4
2018-06-27 21:20:00,2,929.34,1018.57,-211.01,-204.9,-156.6,913.18
2018-06-27 21:35:00,2,927.71,973.33,-213.87,-213.02,-159.34,1017.96
2018-06-27 22:05:00,2,908.28,986.53,-231.03,-228.88,-170.7,1047.65
2018-06-28 14:15:00,2,920.25,994.51,-202.72,-208.33,-150.66,1051.84
2018-06-28 14:20:00,2,951.56,1019.83,-205.57,-208.41,-156.64,913.18
2018-06-28 14:40:00,2,962.83,1003.35,-221.51,-220.7,-164.91,1043.54
2018-06-28 14:45:00,2,882.34,978.52,-211.28,-213.55,-160.27,1010.54
2018-06-28 19:35:00,2,944.63,957.05,-306.44,-299.21,-233.69,979.8
2018-06-28 19:55:00,2,961.39,957.39,-304.05,-295.62,-228.75,975.1
2018-06-28 20:00:00,2,962.62,950.8,-304.83,-288.24,-230.69,963.66
2018-06-28 21:10:00,2,954.21,959.03,-307.41,-305.94,-234.84,982.27
2018-06-28 23:20:00,2,931.79,980.25,-309.06,-300.13,-243.35,1020.6
2018-06-29 01:05:00,2,917.53,980.24,-354.43,-346.79,-169.39,1041.0
2018-06-29 09:20:00,2,925.55,968.58,-327.32,-314.38,-259.56,1026.35
2018-06-29 19:15:00,2,900.85,967.89,-317.67,-313.5,-251.59,992.81
2018-06-29 19:50:00,2,896.9,1008.22,-340.37,-344.1,-169.39,985.5
2018-06-29 21:55:00,2,912.18,977.54,-303.99,-296.05,-238.86,1008.67
2018-06-29 22:50:00,2,931.59,1037.44,-277.66,-277.58,-209.76,1052.02
2018-06-29 22:55:00,2,945.83,993.35,-277.41,-272.56,-212.18,1035.64
2018-06-30 00:10:00,2,920.96,963.98,-355.5,-344.85,-169.39,1006.45
2018-06-30 03:05:00,2,927.79,970.17,-296.24,-293.83,-229.38,1010.72
2018-06-30 06:45:00,2,931.67,960.41,-307.76,-298.24,-259.01,996.96
2018-06-30 06:50:00,2,928.15,857.71,-310.62,-305.56,-258.81,841.25
2018-06-30 19:20:00,2,919.13,998.03,-302.58,-286.39,-243.08,1051.55
2018-06-30 20:35:00,2,915.58,981.45,-297.67,-284.52,-236.45,1025.24
2018-06-30 21:35:00,2,922.81,948.36,-302.38,-302.38,-240.21,994.84
2018-06-30 21:40:00,2,928.07,937.7,-354.24,-339.67,-169.39,982.28
2018-06-30 22:20:00,2,915.78,1001.14,-312.13,-314.83,-246.81,913.18
2018-07-01 01:35:00,2,941.88,970.64,-344.22,-325.34,-169.39,1035.63
2018-07-01 21:25:00,2,945.57,967.38,-277.02,-268.33,-217.52,1036.25
2018-07-02 02:50:00,2,882.34,996.29,-233.64,-221.9,-177.64,1038.65
2018-07-02 05:55:00,2,964.07,978.09,-259.51,-251.46,-203.71,1042.14
2018-07-02 06:50:00,2,882.34,999.55,-235.47,-223.15,-181.66,1049.82
2018-07-02 09:20:00,2,967.75,951.74,-291.93,-277.28,-232.41,1021.76
2018-07-02 09:50:00,2,950.49,897.32,-332.54,-326.27,-169.39,899.69
2018-07-02 13:35:00,2,964.23,980.65,-272.43,-262.67,-212.48,1049.16
2018-07-02 14:45:00,2,966.46,975.5,-314.22,-293.51,-255.67,1038.96
2018-07-02 15:50:00,2,882.34,990.3,-287.86,-274.01,-227.45,1045.65
2018-07-02 16:55:00,2,964.49,985.54,-276.92,-267.38,-218.19,1036.48
2018-07-02 19:40:00,2,949.07,975.59,-216.81,-210.8,-165.95,1013.89
2018-07-03 11:35:00,2,882.34,989.83,-228.81,-214.46,-180.48,1041.49
2018-07-04 03:00:00,2,956.36,996.27,-275.74,-269.6,-205.61,1017.88
2018-07-04 03:20:00,2,954.54,997.52,-276.33,-269.54,-206.66,1020.95
2018-07-04 03:40:00,2,961.22,1007.52,-275.94,-268.73,-213.4,1035.93
2018-07-04 17:15:00,2,956.47,972.72,-206.79,-210.63,-158.41,991.19
2018-07-10 20:25:00,2,882.34,1009.48,-214.98,-212.47,-165.46,1048.22
2018-07-10 20:30:00,2,882.34,1008.47,-208.95,-215.53,-160.08,1055.87
2018-07-10 20:35:00,2,882.34,1005.48,-212.48,-213.66,-164.57,1052.23
2018-07-10 21:55:00,2,882.34,1007.03,-234.69,-230.13,-184.24,1042.5
2018-07-10 22:10:00,2,882.34,1002.74,-224.64,-227.93,-180.16,1057.31
2018-07-11 18:55:00,2,960.55,994.09,-294.95,-293.39,-230.13,995.29
2018-07-12 02:45:00,2,948.57,989.0,-283.7,-288.97,-224.38,1009.39
2018-07-13 00:35:00,2,953.73,990.47,-285.97,-279.46,-216.01,1017.99
2018-07-13 11:20:00,2,945.08,1011.92,-273.02,-278.48,-212.69,1022.0
2018-07-13 16:35:00,2,967.26,1011.83,-269.82,-265.82,-208.37,1022.03
2018-07-13 19:40:00,2,946.12,1016.43,-244.7,-248.59,-190.59,1047.6
2018-07-14 00:10:00,2,967.36,1018.09,-195.61,-202.33,-153.84,1042.85
2018-07-14 03:40:00,2,882.34,1003.08,-199.23,-207.59,-160.74,1019.69
2018-07-14 04:25:00,2,935.2,986.13,-213.0,-218.16,-170.88,1034.35
2018-07-14 04:30:00,2,955.75,993.94,-222.95,-222.14,-177.87,1027.81
2018-07-14 04:50:00,2,959.89,995.36,-224.72,-228.12,-180.96,1031.62
2018-07-14 06:15:00,2,944.31,1004.28,-240.97,-242.73,-195.23,1039.42
2018-07-14 06:20:00,2,958.93,1005.38,-236.15,-238.12,-186.91,1040.09
2018-07-14 06:30:00,2,968.11,987.16,-241.88,-243.98,-191.87,1025.14
2018-07-14 06:40:00,2,957.5,1009.45,-249.51,-251.88,-197.39,1052.33
2018-07-14 06:45:00,2,966.06,987.89,-242.31,-244.36,-191.56,1023.09
2018-07-14 07:40:00,2,948.46,992.0,-229.99,-232.75,-179.35,1033.28
2018-07-14 07:55:00,2,963.33,978.96,-223.44,-223.57,-177.71,1022.97
2018-07-14 08:10:00,2,943.83,984.88,-226.02,-232.12,-180.1,1030.97
2018-07-14 08:55:00,2,954.88,1004.78,-226.62,-234.84,-176.7,1043.04
2018-07-14 09:00:00,2,964.6,1011.64,-232.07,-226.25,-183.7,1045.42
2018-07-14 10:40:00,2,928.24,1024.49,-201.08,-205.34,-160.03,913.18
2018-07-14 10:45:00,2,882.34,1031.22,-219.39,-227.84,-174.5,1046.56
2018-07-15 01:00:00,2,938.37,989.59,-292.55,-297.59,-233.29,1002.62
2018-07-15 07:50:00,2,932.01,954.26,-198.28,-207.58,-155.94,1007.86
2018-07-15 07:55:00,2,968.51,1021.92,-202.91,-209.66,-159.48,1047.93
2018-07-15 15:35:00,2,961.36,1003.91,-215.65,-229.94,-167.2,1028.17
2018-07-15 15:40:00,2,882.34,1020.16,-218.49,-222.77,-165.9,1043.8
2018-07-15 15:50:00,2,964.74,992.03,-221.93,-224.45,-168.59,1010.25
2018-07-15 15:55:00,2,968.4,1002.01,-219.49,-227.82,-165.92,1023.7
2018-07-15 16:00:00,2,966.52,986.26,-215.09,-218.82,-163.54,1009.28
2018-07-15 19:25:00,2,952.94,1020.42,-229.91,-223.36,-181.74,1022.86
2018-07-16 10:50:00,2,882.34,979.1,-199.18,-207.03,-159.67,1031.16
2018-07-16 11:00:00,2,882.34,1029.44,-202.36,-198.51,-158.6,1058.2
2018-07-16 11:05:00,2,952.87,982.92,-212.65,-218.88,-160.24,999.69
2018-07-19 09:00:00,2,882.34,984.72,-217.72,-228.71,-168.7,1028.04
2018-07-21 10:35:00,2,959.15,994.39,-276.36,-279.29,-222.06,1012.54
2018-07-22 10:10:00,2,964.02,989.09,-213.41,-203.23,-164.45,930.22
2018-07-25 16:55:00,2,882.34,999.62,-234.51,-232.21,-183.79,1038.23
2018-07-28 22:10:00,2,946.27,960.83,-316.22,-309.28,-260.02,998.97
2018-07-31 21:05:00,2,882.34,949.02,-291.99,-280.04,-228.25,1042.29
2018-08-01 00:00:00,2,882.34,947.33,-328.35,-324.62,-273.78,913.18
2018-08-02 08:05:00,2,882.34,997.12,-285.21,-278.98,-224.91,1036.22
2018-08-03 00:05:00,2,882.34,1021.5,-211.65,-211.09,-156.82,1056.26
2018-08-03 21:50:00,2,882.34,936.32,-305.19,-294.99,-241.91,1012.7
2018-08-04 11:00:00,2,965.33,941.56,-308.77,-302.2,-238.99,980.55
2018-08-04 16:00:00,2,882.34,974.09,-213.57,-209.98,-169.11,1042.07
2018-08-05 00:05:00,2,882.34,959.8,-290.41,-280.18,-229.84,1032.15
2018-08-05 03:00:00,2,851.43,849.76,-294.45,-283.19,-236.88,897.45
2018-08-05 03:15:00,2,921.1,900.22,-308.96,-306.57,-250.67,902.4
2018-08-05 03:55:00,2,955.82,923.66,-305.24,-299.83,-243.88,948.72
2018-08-05 04:10:00,2,952.46,939.75,-303.36,-299.31,-246.02,980.66
2018-08-05 04:15:00,2,882.34,966.4,-297.57,-295.5,-238.04,1009.44
2018-08-05 04:20:00,2,882.34,977.71,-296.09,-291.0,-237.55,1032.05
2018-08-05 04:35:00,2,952.98,933.73,-300.27,-296.4,-242.1,971.61
2018-08-05 04:40:00,2,882.34,995.17,-287.35,-285.04,-230.54,1032.16
2018-08-05 05:30:00,2,920.93,920.78,-318.52,-305.46,-254.32,955.75
2018-08-05 06:05:00,2,915.62,910.23,-323.28,-307.88,-261.35,940.54
2018-08-05 06:10:00,2,873.8,890.21,-319.15,-298.79,-255.54,910.76
2018-08-05 06:15:00,2,862.52,875.82,-319.77,-301.21,-257.42,890.76
2018-08-05 06:20:00,2,863.36,870.85,-322.56,-303.66,-260.25,884.91
2018-08-05 06:25:00,2,862.95,872.94,-311.93,-297.39,-250.95,900.0
2018-08-05 06:30:00,2,906.86,902.54,-334.73,-315.27,-262.44,914.59
2018-08-05 06:35:00,2,943.2,938.98,-308.67,-293.88,-247.1,959.22
2018-08-05 07:40:00,2,963.61,943.51,-309.16,-295.88,-252.44,971.73
2018-08-05 08:10:00,2,854.94,878.84,-309.54,-289.14,-249.51,884.03
2018-08-05 08:15:00,2,857.98,866.9,-307.64,-288.3,-245.05,873.82
2018-08-05 08:20:00,2,885.08,884.57,-312.33,-292.3,-253.76,899.67
2018-08-05 10:15:00,2,939.12,938.44,-311.86,-291.27,-252.44,959.14
2018-08-05 10:20:00,2,855.63,886.83,-300.73,-282.04,-240.48,880.0
2018-08-05 10:25:00,2,871.21,880.14,-315.58,-286.67,-254.4,890.13
2018-08-05 10:35:00,2,957.73,937.03,-303.19,-283.65,-244.93,969.15
2018-08-13 16:45:00,2,967.6,911.18,-209.77,-188.25,-171.25,1044.52
2018-08-14 11:30:00,2,957.87,895.98,-215.26,-348.15,-169.39,1005.96
2018-08-14 11:45:00,2,882.34,937.5,-296.91,-282.57,-244.53,1010.05
2018-08-14 11:50:00,2,866.76,875.12,-299.68,-278.12,-256.3,840.7
2018-08-14 12:05:00,2,875.7,871.68,-331.74,-300.38,-169.39,844.3
2018-08-14 12:15:00,2,848.71,830.11,-293.44,-259.19,-252.91,911.0
2018-08-14 13:25:00,2,957.84,892.23,-289.26,-267.95,-238.85,1041.55
2018-08-15 07:35:00,2,964.57,912.29,-305.45,-282.61,-254.11,968.49
2018-08-15 07:40:00,2,862.61,863.21,-289.21,-276.51,-245.62,871.66
2018-08-16 06:20:00,2,847.3,826.97,-298.9,-281.64,-239.29,873.64
2018-08-17 09:30:00,2,878.14,832.55,-311.61,-294.23,-245.42,925.02
2018-08-17 11:30:00,2,934.48,852.86,-332.29,-305.0,-268.1,973.69
2018-08-19 14:45:00,2,958.56,904.13,-294.73,-270.33,-237.58,1035.4
2018-08-19 14:50:00,2,882.34,910.08,-332.13,-330.75,-169.39,1018.51
2018-08-23 01:25:00,2,882.34,934.38,-303.92,-278.14,-240.88,1056.38
2018-08-23 02:05:00,2,937.87,920.5,-307.95,-283.01,-247.37,1022.03
2018-08-23 02:10:00,2,882.34,926.61,-348.36,-332.41,-169.39,1048.87
2018-08-23 09:50:00,2,946.82,899.38,-300.18,-305.57,-241.28,1014.74
2018-08-23 11:35:00,2,962.82,918.64,-287.76,-265.63,-227.91,1052.05
2018-08-23 12:30:00,2,955.56,892.33,-307.32,-295.0,-246.11,1008.19
2018-08-23 12:55:00,2,849.72,846.77,-300.01,-262.72,-241.21,913.18
2018-08-23 15:40:00,2,848.13,837.83,-311.2,-291.74,-251.31,913.18
2018-08-23 15:45:00,2,944.18,855.99,-306.57,-280.69,-251.96,913.18
2018-08-23 18:10:00,2,882.34,900.74,-334.69,-315.71,-169.39,1024.66
2018-08-23 18:15:00,2,870.0,875.08,-308.19,-281.2,-251.05,958.93
2018-08-25 03:00:00,2,959.88,923.28,-277.05,-277.13,-218.66,1052.44
2018-08-25 04:05:00,2,960.77,902.31,-282.18,-287.45,-217.04,1025.17
2018-08-25 05:15:00,2,963.07,911.62,-292.93,-280.63,-231.48,1026.7
2018-08-25 06:00:00,2,953.55,902.04,-292.65,-271.91,-229.2,1036.25
2018-08-25 13:00:00,2,946.27,872.81,-299.96,-220.18,-237.13,1013.01
2018-08-25 14:35:00,2,967.35,875.49,-298.84,-235.5,-236.82,1017.51
2018-08-25 22:25:00,2,963.04,853.14,-357.66,-321.66,-169.39,1014.44
2018-08-26 17:00:00,2,937.24,857.19,-276.63,-287.44,-217.86,1030.17
2018-08-26 18:00:00,2,951.7,843.91,-289.24,-296.89,-232.99,991.34
2018-08-26 18:05:00,2,927.51,846.43,-313.68,-325.76,-260.42,1004.19
2018-08-27 01:15:00,2,882.34,842.8,-290.73,-289.05,-230.5,1041.93
2018-08-27 01:20:00,2,962.54,844.03,-273.93,-273.91,-216.62,1030.33
2018-08-27 07:10:00,2,947.89,841.06,-275.08,-274.45,-218.69,1043.09
2018-08-27 13:00:00,2,922.35,855.95,-277.86,-175.62,-220.9,1026.16
2018-08-27 22:25:00,2,932.01,858.33,-276.02,-172.84,-217.83,1022.6
2018-08-28 03:40:00,2,967.52,870.51,-293.71,-227.98,-238.76,1029.72
2018-08-28 05:45:00,2,882.34,886.96,-321.22,-280.32,-262.75,1034.16
2018-08-28 07:30:00,2,949.57,875.28,-350.73,-321.63,-169.39,1038.14
2018-08-28 08:55:00,2,948.05,855.84,-285.38,-217.83,-227.37,1022.66
2018-08-28 10:45:00,2,939.0,858.25,-288.38,-200.07,-225.79,1027.48
2018-08-28 10:50:00,2,882.34,867.28,-304.77,-205.86,-241.76,1007.54
2018-08-28 10:55:00,2,964.82,868.68,-315.34,-212.04,-251.35,997.61
2018-08-28 11:05:00,2,882.34,875.68,-312.48,-215.92,-249.41,1037.13
2018-08-28 12:00:00,2,881.83,839.36,-300.82,-300.53,-239.76,971.49
2018-09-03 08:50:00,2,882.34,961.79,-193.5,-219.01,-153.35,1052.14
2018-09-03 08:55:00,2,882.34,969.92,-195.81,-228.07,-154.54,1035.19
2018-09-03 09:10:00,2,882.34,922.97,-212.8,-249.12,-166.47,1038.25
2018-09-03 10:20:00,2,965.71,919.91,-201.87,-216.57,-160.68,1027.05
2018-09-04 21:45:00,2,874.65,874.64,-285.37,-314.61,-259.58,831.99
2018-09-08 10:05:00,2,851.8,842.86,-267.7,-293.89,-241.54,908.04
2018-09-13 21:35:00,2,946.7,818.13,-273.6,-170.34,-221.78,1003.29
2018-09-14 16:35:00,2,949.32,850.48,-246.58,-171.08,-210.44,1024.12
2018-09-14 21:10:00,2,963.14,863.23,-251.9,-269.61,-206.09,1047.95
2018-09-15 09:45:00,2,882.34,871.35,-215.26,-198.48,-169.39,1053.46
2018-09-15 09:50:00,2,882.34,871.35,-215.26,-198.48,-169.39,1049.94
2018-09-15 09:55:00,2,882.34,871.35,-215.26,-198.48,-169.39,1044.58
2018-09-15 10:00:00,2,882.34,871.35,-215.26,-198.48,-169.39,1039.85
2018-09-17 15:05:00,2,882.34,871.35,-215.26,-198.48,-169.39,1038.35
2018-09-18 01:55:00,2,943.17,934.91,-196.38,-217.85,-163.77,1033.99
2018-09-18 02:25:00,2,882.34,983.23,-205.73,-213.22,-171.6,1023.6
2018-10-18 09:05:00,2,882.34,871.35,-215.26,-198.48,-169.39,1046.01
2018-10-23 20:45:00,2,882.34,974.7,-203.56,-200.78,-168.76,1008.17
2018-10-27 10:40:00,2,934.17,899.29,-301.21,-288.88,-256.97,977.11
2018-10-27 10:55:00,2,953.11,918.94,-310.88,-299.34,-262.69,987.81
2018-11-01 16:00:00,2,964.41,890.5,-298.02,-264.57,-241.37,1006.07
2018-11-03 23:25:00,2,911.16,897.99,-304.99,-299.67,-252.61,974.81
2018-11-03 23:35:00,2,882.34,955.37,-296.15,-287.61,-247.06,1000.95
2018-11-08 23:45:00,2,869.29,846.38,-303.24,-292.26,-249.65,890.18
2018-11-17 09:55:00,2,882.34,909.82,-306.0,-284.55,-253.73,997.97
2018-11-17 19:10:00,2,882.34,960.36,-326.23,-315.53,-169.39,1022.89
2018-11-17 19:15:00,2,857.0,884.54,-314.62,-297.33,-277.83,997.72
2018-11-19 09:25:00,2,948.25,888.93,-314.05,-296.39,-274.8,1007.22
2018-11-24 13:40:00,2,945.58,895.32,-307.65,-276.98,-246.34,1017.47
2018-11-26 20:40:00,2,882.34,885.42,-345.13,-345.44,-169.39,989.89
2018-12-19 10:15:00,2,945.59,858.68,-219.58,-210.15,-163.34,1018.27
2018-12-27 08:55:00,2,882.34,919.17,-329.96,-311.68,-271.88,1025.75
2019-01-01 01:10:00,2,944.64,879.59,-217.06,-197.84,-161.87,1015.7
2019-01-08 02:15:00,2,965.28,863.07,-215.42,-201.06,-165.63,987.53
2019-01-08 11:10:00,2,966.3,861.26,-302.0,-289.27,-236.23,961.56
2019-02-02 11:30:00,2,955.49,855.34,-220.27,-199.92,-162.46,1033.69
2019-02-14 02:20:00,2,882.34,888.45,-213.87,-205.54,-159.72,1033.21
2019-02-19 02:55:00,2,963.64,976.82,-222.56,-192.29,-160.52,975.15
2019-02-19 15:05:00,2,949.53,984.05,-223.14,-189.71,-164.94,1009.81
2019-02-19 20:25:00,2,958.57,984.45,-229.47,-191.39,-169.73,1016.22
2019-02-19 20:35:00,2,960.14,968.59,-222.51,-193.5,-163.56,1010.73
2019-02-19 21:50:00,2,950.74,975.12,-228.43,-197.61,-165.4,1015.87
2019-02-19 21:55:00,2,960.24,980.68,-219.66,-192.04,-159.02,1030.88
2019-02-19 22:15:00,2,882.34,980.32,-223.51,-196.38,-164.76,1023.17
2019-02-25 19:45:00,2,882.34,1001.59,-227.77,-201.48,-177.25,1041.32
2019-02-25 19:50:00,2,961.66,992.66,-219.05,-194.5,-167.96,1034.58
2019-02-25 20:10:00,2,966.25,952.37,-226.09,-195.11,-173.05,1035.21
2019-02-25 20:30:00,2,882.34,977.67,-219.47,-195.8,-171.67,1029.88
2019-02-25 20:35:00,2,882.34,1007.83,-223.2,-203.39,-173.4,1043.95
2019-02-25 20:40:00,2,882.34,1022.68,-223.49,-197.9,-173.49,1050.07
2019-02-25 20:45:00,2,882.34,1029.58,-211.25,-186.49,-162.91,1052.07
2019-02-25 21:05:00,2,882.34,985.86,-215.16,-195.24,-159.59,1037.32
2019-02-25 21:10:00,2,882.34,1009.13,-218.86,-198.59,-166.18,1057.83
2019-02-25 21:15:00,2,882.34,1021.28,-216.35,-191.34,-159.71,1054.4
2019-02-25 22:00:00,2,951.43,962.49,-219.44,-192.81,-164.11,1024.95
2019-02-26 15:30:00,2,965.53,960.98,-217.91,-207.54,-171.0,1028.41
2019-02-26 15:35:00,2,964.75,988.13,-220.61,-203.52,-170.73,1037.46
2019-03-01 08:55:00,2,966.24,918.14,-215.77,-182.26,-168.97,1018.4
2019-03-02 08:40:00,2,953.34,924.38,-204.46,-196.4,-164.51,1018.06
2019-03-02 11:20:00,2,968.08,939.78,-213.5,-208.25,-170.21,1041.84
2019-03-03 04:05:00,2,950.39,942.52,-203.38,-202.63,-161.14,1026.36
2019-03-03 06:25:00,2,940.56,945.17,-198.05,-204.39,-161.02,1026.58
2019-03-03 12:50:00,2,955.32,960.73,-205.17,-199.22,-164.91,1028.89
2019-03-03 12:55:00,2,955.28,966.47,-210.23,-203.06,-169.79,1031.16
2019-03-03 13:25:00,2,882.34,972.96,-222.21,-215.84,-181.38,1040.79
2019-03-03 13:30:00,2,950.5,954.63,-207.8,-196.42,-169.12,1022.76
2019-03-03 13:35:00,2,941.89,951.58,-203.69,-197.17,-164.75,1023.27
2019-03-03 13:55:00,2,952.46,954.51,-202.51,-194.71,-160.67,1030.56
2019-03-03 14:00:00,2,941.09,960.3,-201.28,-195.01,-163.7,1023.8
2019-03-03 14:05:00,2,947.81,954.86,-200.66,-199.09,-163.83,1029.22
2019-03-03 14:10:00,2,936.75,949.75,-203.08,-198.58,-159.21,1018.83
2019-03-05 21:35:00,2,959.69,945.38,-214.88,-186.99,-168.12,1027.6
2019-03-05 22:45:00,2,947.73,956.19,-214.04,-190.34,-166.05,1019.11
2019-03-05 23:55:00,2,949.64,940.27,-211.73,-189.69,-165.07,1021.55
2019-03-06 11:45:00,2,951.28,948.33,-210.03,-194.56,-166.54,1028.19
2019-03-06 12:20:00,2,967.17,940.87,-217.64,-196.54,-169.76,1025.49
2019-03-06 12:25:00,2,956.96,953.55,-207.49,-191.95,-166.5,1030.84
2019-03-06 12:30:00,2,943.62,952.42,-207.47,-193.52,-164.97,1026.89
2019-03-06 13:15:00,2,882.34,966.35,-214.44,-192.16,-169.72,1039.05
2019-03-06 13:30:00,2,962.98,954.08,-206.84,-191.93,-162.36,1016.31
2019-03-06 13:55:00,2,961.65,945.53,-211.01,-187.59,-166.57,1021.08
2019-03-06 15:00:00,2,967.98,955.8,-218.62,-191.51,-165.93,1041.41
2019-03-06 15:35:00,2,882.34,963.3,-212.84,-190.3,-166.92,1033.79
2019-03-06 15:55:00,2,951.78,946.7,-207.57,-192.42,-166.18,1023.22
2019-03-21 16:05:00,2,964.57,830.99,-270.88,-154.33,-223.22,1048.14
2019-03-21 17:20:00,2,949.37,827.0,-337.65,-163.14,-169.39,992.8
2019-03-21 20:50:00,2,947.98,803.75,-295.66,-292.47,-249.35,979.74
2019-03-22 16:25:00,2,925.51,797.38,-301.45,-275.33,-244.17,983.59
2019-03-23 16:50:00,2,908.39,803.89,-301.54,-302.09,-244.47,975.62
2019-03-25 14:40:00,2,944.32,803.07,-291.73,-279.02,-246.09,991.14
2019-03-31 10:35:00,2,910.69,915.18,-330.81,-304.3,-275.13,862.79
2019-03-31 11:25:00,2,869.82,889.86,-352.58,-327.32,-169.39,845.03
2019-03-31 11:35:00,2,864.09,862.42,-302.3,-270.09,-246.02,868.25
2019-03-31 15:50:00,2,884.76,929.89,-356.27,-320.63,-169.39,939.41
2019-03-31 15:55:00,2,912.61,942.67,-356.37,-321.47,-169.39,873.99
2019-04-01 01:35:00,2,884.5,902.08,-320.57,-282.21,-262.58,899.66
2019-04-01 16:05:00,2,923.81,926.69,-331.55,-311.35,-169.39,874.88
2019-04-06 13:25:00,2,882.34,988.28,-222.34,-191.12,-167.5,1010.86
2019-04-06 23:25:00,2,882.34,1012.38,-212.09,-190.17,-163.26,1036.84
2019-04-07 04:00:00,2,882.34,1003.89,-224.28,-196.37,-168.58,1015.38
2019-04-07 08:45:00,2,882.34,1011.87,-237.7,-202.28,-183.65,1037.15
2019-04-07 09:05:00,2,965.22,988.49,-234.58,-196.65,-174.67,1019.49
2019-04-07 09:30:00,2,882.34,1003.32,-235.29,-186.29,-175.99,1038.89
2019-04-07 09:50:00,2,948.84,993.14,-233.91,-189.72,-174.16,1017.67
2019-04-07 19:30:00,2,882.34,1015.14,-218.37,-187.08,-170.06,1012.48
2019-04-07 20:10:00,2,882.34,994.46,-223.81,-194.08,-180.07,1017.46
2019-04-07 23:00:00,2,882.34,1006.04,-234.62,-171.67,-174.25,1039.75
2019-04-08 05:40:00,2,882.34,1036.52,-238.62,-171.18,-177.41,1030.0
2019-04-08 05:55:00,2,882.34,1031.03,-246.9,-171.39,-184.3,1020.93
2019-04-08 06:10:00,2,882.34,995.67,-230.65,-171.4,-169.94,1021.38
2019-04-08 06:35:00,2,882.34,1015.74,-241.05,-177.46,-173.03,1027.99
2019-04-08 08:45:00,2,882.34,1029.19,-234.01,-177.39,-173.41,1018.57
2019-04-08 10:30:00,2,968.42,1001.64,-235.68,-170.5,-176.47,968.45
2019-04-08 13:35:00,2,882.34,1008.9,-245.82,-184.24,-181.24,1029.89
2019-04-08 13:45:00,2,882.34,1007.4,-240.26,-182.4,-182.27,1025.36
2019-04-08 13:55:00,2,968.5,953.24,-240.19,-184.38,-178.45,1019.44
2019-04-08 14:00:00,2,939.93,1008.27,-234.25,-171.39,-175.22,905.24
2019-04-08 14:05:00,2,968.05,981.08,-245.57,-186.31,-185.09,1032.85
2019-04-08 14:35:00,2,882.34,995.6,-230.76,-175.57,-171.69,1038.86
2019-04-08 14:50:00,2,882.34,1008.98,-234.55,-179.43,-175.9,1056.83
2019-04-08 15:05:00,2,968.34,1030.03,-237.75,-171.98,-177.69,1015.6
2019-04-08 15:20:00,2,962.18,1018.31,-238.8,-176.84,-180.97,1011.92
2019-04-08 15:25:00,2,882.34,1016.38,-244.62,-182.64,-186.44,1024.61
2019-04-08 16:05:00,2,882.34,1019.61,-237.97,-175.56,-176.6,1018.13
2019-04-08 17:00:00,2,961.97,991.36,-243.06,-178.51,-176.09,900.0
2019-04-08 17:35:00,2,882.34,1011.11,-236.19,-174.23,-176.63,1012.5
2019-04-08 17:40:00,2,882.34,1002.01,-250.83,-194.06,-188.08,1040.11
2019-04-08 18:10:00,2,882.34,1029.2,-243.0,-180.09,-179.87,1014.39
2019-04-08 18:35:00,2,962.63,1004.13,-230.23,-172.8,-170.64,1008.79
2019-04-08 19:00:00,2,882.34,1008.36,-229.07,-172.5,-170.34,1009.74
2019-04-08 20:10:00,2,882.34,1012.29,-238.28,-177.25,-178.25,1017.72
2019-04-08 20:30:00,2,964.71,995.72,-234.36,-174.99,-178.01,1006.73
2019-04-08 20:55:00,2,882.34,998.86,-236.23,-179.08,-176.95,1025.57
2019-04-08 21:10:00,2,882.34,1017.68,-243.05,-180.46,-182.17,1028.8
2019-04-09 01:10:00,2,966.44,1025.3,-238.09,-171.99,-174.83,969.81
2019-04-10 23:20:00,2,882.34,984.27,-228.47,-171.33,-172.74,1015.48
2019-04-11 08:20:00,2,882.34,1017.6,-256.21,-198.26,-196.08,1040.76
2019-04-11 08:25:00,2,960.38,992.38,-260.45,-205.38,-198.35,1020.88
2019-04-11 09:10:00,2,967.98,1017.24,-254.34,-197.92,-190.39,1005.6
2019-04-12 03:45:00,2,968.09,994.84,-258.13,-175.97,-200.02,1000.74
2019-04-12 09:25:00,2,882.34,1008.21,-250.71,-167.42,-193.43,1016.65
2019-04-12 17:00:00,2,962.53,992.3,-254.46,-175.24,-193.54,1005.9
2019-04-13 19:40:00,2,882.34,1031.8,-228.46,-186.46,-171.42,1023.57
2019-04-26 13:25:00,2,964.02,953.49,-256.02,-168.41,-197.68,1018.89
2019-04-28 13:15:00,2,882.34,991.97,-271.37,-155.27,-205.54,1021.33
2019-04-28 18:30:00,2,967.32,972.92,-301.97,-236.44,-233.24,988.49
2019-04-30 16:10:00,2,952.07,966.73,-208.1,-196.98,-150.43,1021.86
2019-04-30 16:25:00,2,882.34,986.21,-218.28,-202.78,-160.39,1036.58
2019-04-30 17:05:00,2,958.25,976.07,-217.47,-196.63,-158.95,1023.12
2019-04-30 17:10:00,2,949.26,966.94,-217.35,-194.3,-157.71,1015.64
2019-04-30 22:20:00,2,967.25,965.22,-206.36,-198.42,-149.79,999.29
2019-05-01 02:35:00,2,962.63,990.32,-222.59,-203.04,-162.01,1026.26
2019-05-01 02:40:00,2,882.34,1011.46,-229.52,-209.09,-159.57,1046.37
2019-05-01 02:45:00,2,963.96,978.6,-221.11,-190.88,-157.54,1019.48
2019-05-01 02:50:00,2,964.95,978.01,-236.62,-209.89,-169.91,1016.24
2019-05-01 05:10:00,2,968.19,978.58,-227.73,-201.11,-170.5,1012.12
2019-05-01 08:30:00,2,882.34,999.48,-216.18,-188.08,-155.91,1034.55
2019-05-01 08:40:00,2,882.34,995.99,-221.02,-196.51,-162.8,1034.84
2019-05-01 08:45:00,2,882.34,993.48,-221.44,-193.15,-160.85,1031.83
2019-05-01 09:00:00,2,961.45,966.78,-214.45,-192.38,-157.52,1002.46
2019-05-01 09:05:00,2,963.1,978.8,-228.13,-205.2,-170.38,1012.14
2019-05-01 09:20:00,2,882.34,994.3,-223.06,-194.56,-164.63,1023.79
2019-05-01 09:25:00,2,955.42,971.25,-218.35,-189.76,-161.04,1006.05
2019-05-01 09:30:00,2,882.34,995.87,-217.75,-192.5,-157.4,1025.51
2019-05-01 09:35:00,2,882.34,985.55,-223.71,-198.88,-166.75,1022.42
2019-05-01 09:40:00,2,882.34,986.52,-223.62,-195.96,-162.31,1022.74
2019-05-01 09:55:00,2,882.34,995.22,-224.62,-191.95,-173.05,1026.05
2019-05-01 10:20:00,2,965.78,970.57,-222.05,-200.5,-167.52,1006.0
2019-05-01 10:25:00,2,961.67,975.1,-222.92,-188.28,-166.79,1013.06
2019-05-01 22:30:00,2,882.34,997.81,-236.95,-183.83,-182.74,1027.69
2019-05-01 22:35:00,2,967.93,991.54,-240.07,-189.53,-187.52,1031.42
2019-05-01 22:45:00,2,882.34,997.97,-219.28,-177.54,-167.98,1040.96
2019-05-01 22:55:00,2,882.34,992.56,-237.22,-179.68,-183.61,1036.88
2019-05-01 23:00:00,2,959.66,986.23,-225.14,-173.98,-170.26,1039.4
2019-05-01 23:05:00,2,955.89,985.42,-229.17,-187.18,-177.64,1035.42
2019-05-01 23:20:00,2,953.16,984.83,-229.66,-185.24,-177.24,1032.48
2019-05-02 02:10:00,2,955.93,977.24,-254.88,-199.02,-193.02,1017.79
2019-05-02 02:20:00,2,968.77,984.7,-241.84,-179.7,-185.39,1011.59
2019-05-02 02:25:00,2,963.21,989.9,-241.01,-185.9,-179.53,1025.31
2019-05-02 02:45:00,2,957.86,987.53,-235.87,-174.0,-172.9,1013.11
2019-05-02 02:55:00,2,882.34,1012.1,-245.86,-176.86,-187.71,1033.7
2019-05-02 03:05:00,2,882.34,997.1,-243.11,-190.72,-183.13,1033.27
2019-05-02 03:10:00,2,958.41,984.6,-233.05,-179.75,-171.61,1038.93
2019-05-02 03:50:00,2,963.23,991.54,-240.69,-176.12,-181.53,1034.36
2019-05-02 04:00:00,2,966.92,993.08,-246.69,-179.95,-182.69,1034.38
2019-05-02 04:05:00,2,882.34,1014.44,-248.54,-180.46,-187.69,1047.87
2019-05-02 04:10:00,2,882.34,1008.56,-239.51,-176.72,-178.13,1049.01
2019-05-02 04:25:00,2,882.34,1021.08,-244.92,-177.18,-186.44,1055.39
2019-05-02 04:35:00,2,882.34,1006.72,-238.87,-166.84,-181.14,1043.77
2019-05-02 04:55:00,2,882.34,1000.63,-232.31,-168.24,-173.13,1038.72
2019-05-02 05:00:00,2,950.56,974.65,-235.38,-168.11,-175.3,1037.79
2019-05-02 05:10:00,2,882.34,995.48,-236.06,-171.86,-177.81,1045.78
2019-05-02 05:15:00,2,882.34,993.97,-232.96,-167.79,-171.66,1045.63
2019-05-02 05:50:00,2,958.25,970.79,-232.48,-192.13,-170.47,1029.11
2019-05-02 06:05:00,2,957.89,978.96,-232.65,-195.34,-175.61,1037.24
2019-05-02 06:20:00,2,968.31,992.24,-224.62,-190.0,-165.01,1039.72
2019-05-02 06:45:00,2,882.34,1014.23,-224.52,-179.05,-168.81,1044.94
2019-05-02 07:15:00,2,882.34,998.22,-223.55,-183.03,-166.97,1014.29
2019-05-02 23:35:00,2,960.07,986.69,-221.61,-176.07,-165.16,1020.64
2019-05-02 23:50:00,2,948.17,971.99,-218.46,-186.1,-159.99,1015.7
2019-05-03 01:05:00,2,958.55,980.43,-232.07,-191.29,-180.9,1025.03
2019-05-03 01:25:00,2,950.73,974.79,-219.63,-184.65,-161.75,1024.74
2019-05-03 03:35:00,2,958.11,978.54,-230.34,-191.14,-176.34,1019.17
2019-05-03 03:40:00,2,958.68,983.63,-224.05,-188.04,-171.1,1028.25
2019-05-03 03:45:00,2,882.34,991.48,-230.98,-190.6,-176.95,1031.24
2019-05-03 04:05:00,2,960.5,974.98,-219.99,-184.83,-166.48,1024.77
2019-05-03 06:00:00,2,961.4,969.52,-223.6,-180.71,-169.73,1022.4
2019-05-03 06:25:00,2,965.01,969.68,-215.15,-179.28,-164.06,1023.57
2019-05-03 06:30:00,2,882.34,989.11,-216.31,-183.65,-166.21,1037.93
2019-05-03 06:35:00,2,952.26,962.63,-216.37,-180.29,-165.29,1023.75
2019-05-03 06:40:00,2,951.18,957.29,-220.99,-180.94,-167.9,1019.26
2019-05-03 06:50:00,2,948.3,963.16,-216.49,-190.53,-164.02,1016.08
2019-05-03 06:55:00,2,955.59,971.5,-222.39,-178.56,-167.81,1025.63
2019-05-03 07:10:00,2,882.34,1012.52,-218.08,-179.31,-166.28,1049.86
2019-05-03 07:25:00,2,882.34,1016.47,-219.95,-178.18,-169.59,1030.76
2019-05-03 07:50:00,2,968.69,988.58,-215.13,-180.91,-162.13,1041.33
2019-05-03 08:15:00,2,882.34,996.0,-220.47,-180.38,-167.94,1013.32
2019-05-03 08:30:00,2,968.42,998.86,-217.93,-181.22,-163.72,1042.67
2019-05-03 08:35:00,2,932.04,969.99,-221.63,-174.71,-168.53,1027.94
2019-05-03 08:45:00,2,882.34,1010.9,-219.77,-182.08,-165.99,1036.5
2019-05-03 08:50:00,2,882.34,1009.33,-230.01,-187.03,-173.26,1034.79
2019-05-03 09:00:00,2,882.34,1004.88,-221.82,-187.39,-167.5,1053.35
2019-05-03 09:35:00,2,956.69,957.01,-223.0,-170.85,-169.91,1023.17
2019-05-03 10:05:00,2,882.34,981.13,-225.44,-184.64,-176.84,1031.63
2019-05-03 10:50:00,2,967.8,942.41,-221.11,-178.17,-163.92,1015.42
2019-05-03 12:10:00,2,966.25,929.86,-219.12,-183.07,-165.91,1025.46
2019-05-03 12:35:00,2,964.61,935.95,-223.27,-186.1,-167.48,1030.88
2019-05-03 12:50:00,2,882.34,956.37,-225.35,-181.99,-171.33,1040.14
2019-05-03 13:15:00,2,882.34,966.88,-219.89,-182.62,-167.39,1041.27
2019-05-03 13:45:00,2,882.34,965.82,-226.59,-177.62,-170.54,1030.86
2019-05-19 23:25:00,2,882.34,984.72,-223.12,-189.99,-163.95,1034.55
2019-05-19 23:30:00,2,962.92,985.73,-211.38,-184.98,-155.49,1031.43
2019-05-19 23:45:00,2,953.41,986.19,-211.85,-186.21,-157.74,1018.67
2019-05-20 01:00:00,2,948.7,954.62,-217.18,-184.78,-159.63,1020.6
2019-05-20 09:30:00,2,946.06,957.45,-216.76,-186.32,-157.47,1016.69
2019-05-20 10:25:00,2,946.72,966.28,-225.88,-191.35,-166.05,1020.3
2019-05-20 19:10:00,2,946.36,972.58,-227.3,-196.55,-176.29,1026.18
2019-05-21 16:50:00,2,882.34,988.93,-216.53,-193.21,-170.21,1017.89
2019-05-22 07:55:00,2,955.88,966.26,-216.45,-188.74,-170.33,1019.93
2019-06-02 04:30:00,2,951.43,972.99,-232.33,-164.5,-170.65,1012.32
2019-06-02 23:05:00,2,954.91,990.26,-225.5,-168.97,-175.62,1009.07
2019-06-27 00:30:00,2,935.21,912.84,-326.72,-261.16,-278.98,906.92
2019-07-09 18:35:00,2,882.34,997.43,-222.88,-190.2,-171.57,1029.49
2019-07-10 00:15:00,2,882.34,970.51,-326.81,-281.45,-169.39,1009.3
2019-07-10 01:15:00,2,942.0,958.78,-215.26,-314.32,-169.39,949.08
2019-07-10 01:20:00,2,851.74,879.26,-328.05,-281.68,-169.39,852.55
2019-07-18 07:15:00,2,930.93,954.54,-331.12,-240.16,-270.73,974.5
2019-07-31 01:25:00,2,882.34,958.13,-338.88,-287.67,-169.39,987.33
2019-08-19 17:20:00,2,882.34,947.55,-292.29,-231.05,-247.1,852.64
2019-08-23 21:10:00,2,938.99,845.65,-342.23,-266.77,-169.39,978.06
2019-08-27 08:40:00,2,964.76,974.2,-233.21,-183.52,-179.03,1023.86
2019-08-27 08:45:00,2,958.18,975.52,-224.15,-179.66,-173.01,1021.39
2019-08-28 19:20:00,2,959.57,975.54,-244.97,-192.29,-184.55,1026.46
2019-08-30 07:05:00,2,882.34,995.66,-335.04,-290.76,-275.65,1031.81
2019-08-31 04:45:00,2,930.21,981.66,-215.26,-343.41,-169.39,930.17
2019-08-31 04:50:00,2,883.82,923.12,-215.26,-343.58,-169.39,860.84
2019-08-31 05:15:00,2,832.7,869.23,-353.65,-309.63,-169.39,811.31
2019-08-31 05:25:00,2,868.07,880.86,-321.14,-280.08,-261.2,873.0
2019-08-31 05:35:00,2,882.34,962.05,-333.83,-290.81,-169.39,965.39
2019-09-01 12:55:00,2,961.36,978.8,-348.37,-304.62,-169.39,1004.09
2019-09-01 13:15:00,2,956.17,962.6,-342.46,-298.03,-169.39,957.3
2019-09-01 13:20:00,2,888.73,886.2,-337.77,-298.58,-169.39,882.63
2019-09-01 13:25:00,2,857.42,855.42,-348.28,-306.88,-169.39,838.54
2019-09-01 13:30:00,2,851.36,854.9,-332.69,-288.45,-169.39,836.58
2019-09-07 02:35:00,2,967.29,981.02,-225.35,-181.69,-173.93,1042.32
2019-09-07 08:20:00,2,966.36,988.86,-236.44,-187.51,-178.58,1042.5
2019-09-09 14:25:00,2,943.03,968.93,-233.23,-194.58,-171.25,1043.78
2019-09-09 14:30:00,2,950.76,973.7,-227.18,-181.33,-172.98,1047.61
2019-09-09 15:10:00,2,945.95,960.04,-222.87,-181.82,-165.86,1027.23
2019-09-09 16:40:00,2,942.02,962.87,-220.76,-182.03,-165.66,1034.79
2019-09-11 09:45:00,2,951.07,986.94,-222.27,-176.53,-172.15,1023.52
2019-09-12 01:35:00,2,932.67,969.67,-214.14,-186.83,-165.37,1024.43
2019-09-12 01:50:00,2,936.97,975.34,-225.47,-195.06,-175.43,1031.08
2019-09-12 02:30:00,2,931.52,975.01,-216.9,-189.52,-170.27,1028.81
2019-09-12 23:20:00,2,962.74,969.52,-212.82,-187.71,-162.23,983.5
2019-09-13 01:00:00,2,882.34,999.23,-221.4,-195.89,-172.23,1017.33
2019-09-13 17:30:00,2,934.57,979.92,-217.43,-181.15,-163.51,1006.03
2019-09-13 17:50:00,2,948.84,984.61,-214.33,-180.04,-164.38,1018.53
2019-09-13 19:00:00,2,946.66,975.08,-216.5,-179.79,-163.7,1005.41
2019-09-13 19:05:00,2,950.91,985.07,-212.02,-184.63,-163.73,1001.97
2019-10-29 23:40:00,2,964.8,973.07,-229.49,-195.03,-183.28,1020.81
2019-11-01 06:40:00,2,879.68,865.88,-328.82,-294.1,-278.15,854.78
2019-11-03 15:35:00,2,904.02,927.96,-318.18,-282.33,-268.03,935.83
2019-11-03 15:40:00,2,868.3,889.99,-316.58,-282.73,-265.89,908.03
2019-11-03 17:20:00,2,882.34,984.77,-333.07,-281.84,-169.39,900.0
2019-11-03 18:05:00,2,856.67,872.44,-307.99,-265.14,-260.4,879.17
2019-11-03 20:20:00,2,882.34,959.61,-215.26,-319.43,-169.39,987.18
2019-11-03 20:40:00,2,867.95,896.19,-320.81,-264.76,-269.68,894.47
2019-11-03 20:55:00,2,942.34,952.62,-298.53,-207.29,-250.95,953.13
2019-11-03 21:00:00,2,860.23,893.43,-303.63,-247.15,-253.67,853.19
2019-11-03 21:35:00,2,867.15,898.33,-295.69,-247.75,-256.33,875.23
2019-11-04 18:35:00,2,872.81,873.74,-311.15,-238.22,-262.64,866.39
2019-11-04 19:15:00,2,965.3,991.91,-295.66,-223.43,-254.19,1002.48
2019-11-04 20:35:00,2,878.86,865.63,-305.43,-225.75,-255.34,869.72
2019-11-05 09:35:00,2,882.34,975.04,-314.25,-242.62,-270.65,1010.59
2019-11-05 14:45:00,2,848.95,866.02,-294.27,-233.24,-241.83,874.89
2019-11-05 20:30:00,2,843.8,851.39,-296.83,-237.5,-242.98,863.33
2019-11-05 20:45:00,2,836.01,841.3,-307.59,-250.06,-255.53,851.87
2019-11-05 20:50:00,2,844.97,842.06,-350.63,-278.24,-169.39,879.06
2019-11-05 21:15:00,2,838.54,845.21,-292.25,-235.4,-240.58,900.0
2019-11-05 23:25:00,2,854.94,846.92,-286.98,-230.29,-239.68,874.76
2019-11-06 01:40:00,2,839.37,853.59,-296.47,-229.37,-243.06,872.39
2019-11-06 01:45:00,2,842.13,860.66,-293.23,-230.41,-244.52,870.74
2019-11-06 05:55:00,2,833.17,834.92,-304.81,-244.66,-246.0,864.59
2019-11-06 09:10:00,2,843.47,827.97,-316.66,-247.36,-260.97,857.41
2019-11-06 22:05:00,2,838.57,858.81,-295.31,-242.4,-236.07,864.15
2019-11-06 22:10:00,2,838.3,852.34,-302.87,-247.18,-241.47,865.87
2019-11-07 02:10:00,2,862.12,869.8,-314.37,-260.48,-256.02,892.72
2019-11-07 02:15:00,2,863.2,866.38,-311.37,-256.85,-251.19,904.22
2019-11-07 17:35:00,2,859.09,893.82,-313.3,-258.05,-266.21,883.29
2019-11-07 17:40:00,2,850.79,883.12,-310.82,-262.06,-267.61,871.87
2019-11-07 17:45:00,2,849.16,877.11,-300.07,-249.09,-253.47,872.02
2019-11-08 14:15:00,2,882.34,886.37,-346.81,-294.93,-169.39,992.83
2019-11-08 14:20:00,2,856.71,885.01,-362.77,-321.27,-169.39,857.91
2019-11-09 13:30:00,2,953.49,898.45,-357.79,-301.06,-169.39,960.49
2019-11-09 13:35:00,2,853.09,878.88,-308.79,-258.62,-255.68,844.19
2019-11-11 15:30:00,2,933.12,839.27,-327.18,-278.67,-275.46,897.61
2019-11-11 15:45:00,2,888.02,835.54,-324.48,-270.88,-271.72,888.47
2019-11-11 16:00:00,2,946.18,829.66,-347.5,-296.62,-169.39,883.58
2019-11-11 16:05:00,2,834.69,829.67,-346.53,-299.18,-169.39,879.38
2019-11-11 16:10:00,2,833.57,826.36,-334.54,-288.25,-169.39,870.29
2019-11-11 16:15:00,2,901.49,823.32,-306.04,-259.36,-256.3,869.68
2019-11-17 13:45:00,2,882.34,993.36,-282.37,-238.78,-224.73,1040.39
2019-11-18 19:35:00,2,871.89,921.01,-324.96,-282.65,-258.25,892.62
2019-11-18 23:30:00,2,959.63,981.92,-279.56,-228.12,-221.5,1035.1
2019-11-19 00:40:00,2,882.34,937.72,-215.26,-326.73,-169.39,1005.6
2019-11-19 17:05:00,2,849.33,868.62,-299.4,-269.27,-245.94,872.94
2019-11-19 17:50:00,2,853.18,870.63,-300.67,-265.65,-246.01,880.58
2019-11-19 17:55:00,2,852.69,866.12,-299.44,-268.43,-243.0,877.36
2019-11-19 18:15:00,2,852.15,868.8,-310.33,-278.31,-250.43,881.09
2019-11-20 13:30:00,2,865.68,846.77,-299.37,-245.59,-243.33,879.32
2019-11-20 13:35:00,2,863.74,849.39,-301.41,-238.86,-243.3,874.01
2019-11-20 13:40:00,2,862.45,848.46,-302.48,-246.81,-246.45,868.9
2019-11-20 14:10:00,2,865.61,858.74,-296.79,-245.88,-241.59,876.84
2019-12-30 23:35:00,2,966.33,962.06,-215.73,-188.0,-166.28,999.0
2020-01-04 09:35:00,2,882.34,966.87,-344.24,-296.36,-169.39,980.58
2020-01-10 19:05:00,2,957.34,950.13,-293.4,-292.12,-235.77,986.22
2020-01-27 11:35:00,2,882.34,968.04,-308.5,-279.07,-252.35,991.15
2020-02-14 09:25:00,2,877.58,879.3,-319.9,-262.3,-262.82,886.19
2020-02-14 09:55:00,2,870.75,877.19,-313.05,-255.09,-254.75,880.58
2020-02-14 14:25:00,2,905.61,902.63,-325.17,-269.76,-260.55,810.71
2020-02-14 14:30:00,2,898.62,901.31,-312.81,-253.51,-252.17,815.55
2020-02-14 14:35:00,2,892.31,897.27,-314.78,-255.65,-256.02,808.63
2020-02-14 14:40:00,2,904.15,906.97,-313.71,-261.0,-258.04,823.43
2020-02-14 17:40:00,2,872.84,871.43,-311.48,-258.05,-252.79,871.14
2020-02-14 21:20:00,2,866.3,868.67,-306.79,-253.4,-247.23,864.25
2020-02-14 22:10:00,2,874.23,872.19,-312.09,-256.24,-251.62,873.89
2020-02-14 22:20:00,2,875.28,877.73,-316.84,-260.54,-250.4,879.1
2020-02-15 06:55:00,2,919.52,914.93,-317.41,-297.63,-258.33,937.74
2020-02-15 15:20:00,2,935.19,928.02,-317.65,-285.54,-256.85,948.89
2020-02-15 21:30:00,2,936.95,930.14,-321.0,-282.89,-254.77,962.99
2020-02-15 22:10:00,2,875.51,879.3,-312.23,-281.77,-247.36,878.72
2020-02-15 22:20:00,2,940.92,932.94,-316.15,-280.27,-252.94,970.62
2020-02-15 22:25:00,2,942.15,926.86,-318.98,-285.74,-253.35,961.2
2020-02-15 22:35:00,2,940.84,930.94,-317.74,-283.48,-256.05,962.86
2020-02-15 22:40:00,2,956.77,948.3,-314.1,-284.33,-253.3,977.89
2020-02-15 22:45:00,2,946.06,941.31,-315.28,-279.4,-254.6,969.78
2020-02-15 23:00:00,2,927.15,919.04,-322.01,-294.99,-261.84,950.33
2020-02-15 23:05:00,2,942.66,930.68,-321.47,-287.4,-255.19,957.71
2020-02-15 23:15:00,2,945.79,938.24,-313.82,-279.2,-246.43,973.98
2020-02-15 23:45:00,2,920.61,923.52,-324.59,-297.19,-258.96,943.69
2020-02-16 00:05:00,2,932.99,929.91,-317.67,-289.77,-252.13,957.31
2020-02-16 00:25:00,2,944.16,938.84,-319.15,-298.57,-258.94,963.95
2020-02-16 00:30:00,2,943.83,945.6,-323.33,-295.99,-259.83,965.2
2020-02-16 00:35:00,2,950.35,952.78,-302.85,-279.17,-242.86,973.04
2020-02-16 00:45:00,2,948.3,932.1,-326.61,-307.52,-263.54,963.39
2020-02-16 00:50:00,2,913.97,910.44,-317.88,-297.0,-261.32,914.43
2020-02-16 00:55:00,2,882.34,983.18,-316.47,-299.75,-255.89,1012.83
2020-02-16 01:00:00,2,953.81,958.34,-307.1,-294.63,-246.97,974.83
2020-02-16 01:05:00,2,917.83,926.69,-323.49,-292.46,-263.89,937.7
2020-02-17 14:35:00,2,882.34,1002.47,-210.02,-188.89,-169.21,1018.34
2020-02-17 15:35:00,2,879.86,881.26,-321.01,-254.09,-259.58,884.26
2020-02-17 15:45:00,2,868.21,869.04,-326.29,-265.1,-265.99,862.27
2020-02-17 16:00:00,2,875.54,872.48,-313.93,-260.28,-252.37,873.5
2020-02-17 17:25:00,2,879.93,882.81,-313.04,-258.62,-254.95,880.4
2020-02-17 17:40:00,2,880.8,879.25,-335.07,-287.44,-277.61,878.78
2020-02-17 17:45:00,2,933.55,913.59,-356.01,-306.46,-169.39,946.77
2020-02-17 17:50:00,2,889.72,892.47,-333.76,-279.83,-268.72,900.01
2020-02-17 17:55:00,2,948.9,929.41,-347.05,-292.66,-169.39,967.36
2020-02-17 18:00:00,2,894.95,889.5,-334.81,-281.83,-275.48,899.45
2020-02-17 18:05:00,2,884.44,885.23,-332.27,-279.58,-271.98,885.87
2020-02-17 18:15:00,2,910.78,898.38,-336.22,-280.51,-277.15,923.21
2020-02-17 18:20:00,2,881.26,879.48,-330.53,-271.58,-272.02,876.04
2020-02-17 18:30:00,2,945.74,920.0,-333.93,-276.73,-277.58,961.28
2020-02-17 18:35:00,2,894.65,890.84,-329.15,-272.4,-272.91,902.21
2020-02-17 18:45:00,2,940.45,917.58,-335.35,-278.61,-274.77,954.75
2020-02-17 20:50:00,2,944.1,917.11,-322.71,-289.43,-268.69,950.18
2020-02-17 21:00:00,2,871.41,868.92,-320.06,-300.45,-268.53,900.0
2020-02-18 00:50:00,2,895.3,872.64,-313.9,-281.83,-260.41,898.2
2020-02-18 01:10:00,2,882.46,867.64,-325.3,-296.74,-263.47,888.37
2020-02-18 01:25:00,2,875.71,869.25,-319.05,-281.75,-262.47,875.02
2020-02-18 01:30:00,2,895.11,879.94,-322.11,-292.76,-256.71,904.39
2020-02-18 01:50:00,2,887.93,876.24,-322.92,-283.63,-265.13,892.03
2020-02-18 02:05:00,2,885.32,875.48,-326.04,-293.03,-268.69,884.45
2020-02-18 02:10:00,2,878.19,866.38,-336.27,-302.5,-276.06,872.37
2020-02-18 02:20:00,2,863.23,852.4,-342.44,-312.1,-169.39,853.79
2020-02-18 02:25:00,2,910.23,890.92,-323.96,-285.27,-269.24,925.27
2020-02-18 02:30:00,2,896.92,874.67,-319.78,-289.46,-264.21,908.94
2020-02-18 02:35:00,2,925.26,884.61,-320.11,-283.45,-265.86,929.09
2020-02-18 02:40:00,2,883.84,873.07,-321.84,-285.74,-266.29,888.06
2020-02-18 02:45:00,2,893.58,874.41,-326.49,-299.91,-271.89,896.64
2020-02-18 02:50:00,2,894.04,877.11,-328.26,-297.5,-275.87,892.03
2020-02-18 02:55:00,2,881.42,873.25,-335.22,-307.16,-169.39,877.67
2020-02-18 03:00:00,2,848.11,841.57,-361.48,-327.42,-169.39,893.51
2020-02-18 03:05:00,2,888.06,858.72,-353.86,-317.74,-169.39,882.93
2020-02-18 03:10:00,2,879.5,862.47,-324.2,-294.22,-268.21,882.57
2020-02-18 03:20:00,2,891.33,872.57,-317.67,-284.81,-262.73,900.85
2020-02-18 03:25:00,2,894.79,867.68,-320.89,-287.79,-265.8,900.17
2020-02-18 03:40:00,2,882.95,877.34,-315.15,-280.77,-256.68,885.58
2020-02-18 03:55:00,2,916.22,904.35,-325.72,-296.92,-270.05,938.89
2020-02-18 04:00:00,2,927.59,897.21,-317.27,-284.41,-261.05,944.62
2020-02-18 04:05:00,2,890.4,883.58,-324.72,-286.03,-268.02,902.81
2020-02-18 04:30:00,2,912.27,895.12,-328.92,-291.21,-271.14,920.57
2020-02-18 04:35:00,2,878.42,877.13,-317.99,-289.69,-261.76,869.37
2020-02-18 04:40:00,2,892.88,878.62,-324.88,-296.09,-270.82,902.2
2020-02-18 04:50:00,2,901.3,886.21,-323.77,-295.59,-265.97,911.91
2020-02-18 04:55:00,2,906.73,892.76,-327.61,-296.87,-271.0,915.97
2020-02-18 05:05:00,2,890.25,883.55,-321.04,-291.24,-265.55,892.56
2020-02-18 05:15:00,2,899.96,890.01,-321.1,-288.87,-269.06,905.61
2020-02-18 05:20:00,2,905.87,894.32,-321.22,-289.61,-266.44,913.24
2020-02-18 05:35:00,2,889.99,887.91,-318.13,-288.37,-263.89,894.29
2020-02-18 05:45:00,2,888.95,875.06,-311.83,-278.23,-262.06,880.04
2020-02-18 06:15:00,2,952.18,928.78,-309.45,-284.12,-256.13,974.79
2020-02-18 06:55:00,2,926.05,922.77,-320.86,-290.49,-262.91,951.46
2020-02-18 07:05:00,2,949.96,926.14,-316.92,-281.8,-260.78,967.46
2020-02-18 13:50:00,2,951.94,891.53,-303.9,-271.35,-248.62,977.13
2020-02-18 14:40:00,2,957.26,894.21,-300.92,-267.29,-252.2,985.15
2020-02-18 15:40:00,2,882.34,918.63,-307.26,-278.09,-266.3,998.25
2020-02-18 16:00:00,2,929.69,878.88,-318.61,-282.05,-263.77,947.17
2020-02-18 16:05:00,2,948.69,876.96,-322.15,-273.58,-269.64,971.97
2020-02-18 16:15:00,2,886.38,859.1,-319.48,-277.83,-266.0,886.31
2020-02-18 16:25:00,2,952.82,886.35,-326.33,-280.97,-269.88,970.62
2020-02-18 16:30:00,2,905.32,872.95,-325.99,-284.4,-270.14,913.48
2020-02-18 16:35:00,2,889.93,869.13,-322.73,-278.41,-269.43,887.91
2020-02-18 16:45:00,2,966.55,922.97,-320.76,-279.01,-272.19,962.81
2020-02-18 16:50:00,2,933.97,904.33,-322.32,-274.69,-266.83,953.54
2020-02-18 17:10:00,2,967.88,906.47,-317.53,-269.39,-265.97,988.51
2020-02-18 17:20:00,2,893.79,873.71,-322.04,-276.32,-268.7,899.57
2020-02-18 17:25:00,2,943.48,885.66,-320.7,-262.84,-268.15,967.01
2020-02-18 17:30:00,2,955.14,886.47,-326.32,-268.05,-272.18,969.55
2020-02-18 18:50:00,2,875.4,862.35,-305.32,-247.51,-255.76,873.23
2020-02-18 19:15:00,2,954.69,883.25,-320.69,-260.34,-267.2,960.68
2020-02-18 19:35:00,2,962.9,887.04,-317.3,-262.0,-263.97,976.26
2020-02-18 20:00:00,2,936.0,883.55,-327.92,-270.5,-276.17,959.13
2020-02-18 20:20:00,2,938.43,885.67,-336.18,-282.2,-169.39,958.28
2020-02-18 20:35:00,2,929.3,881.39,-339.29,-276.29,-276.54,936.14
2020-02-18 20:40:00,2,895.54,876.88,-337.33,-278.51,-279.64,901.98
2020-02-18 20:50:00,2,934.99,888.97,-333.12,-278.38,-275.23,953.47
2020-02-18 21:05:00,2,894.74,875.64,-332.03,-273.45,-278.21,897.11
2020-02-18 21:10:00,2,934.44,889.16,-318.46,-263.67,-271.55,953.9
2020-02-18 21:15:00,2,948.93,888.24,-327.7,-265.75,-264.36,945.53
2020-02-18 21:30:00,2,887.68,873.74,-321.32,-265.94,-265.11,886.05
2020-02-18 21:35:00,2,882.6,868.0,-313.13,-258.65,-257.26,879.12
2020-02-18 22:00:00,2,883.28,865.86,-307.97,-262.01,-255.39,879.09
2020-02-18 22:10:00,2,929.5,880.74,-328.2,-270.85,-270.23,944.92
2020-02-18 22:20:00,2,888.94,865.32,-323.79,-267.14,-269.23,888.51
2020-02-18 22:25:00,2,915.1,872.4,-333.76,-276.49,-278.43,888.51
2020-02-18 22:30:00,2,952.95,883.15,-338.57,-277.51,-278.76,971.47
2020-02-18 22:35:00,2,897.09,871.16,-323.75,-265.9,-266.7,899.7
2020-02-18 22:40:00,2,886.13,864.63,-314.62,-258.96,-257.58,883.02
2020-02-18 22:55:00,2,937.71,887.12,-330.8,-270.47,-271.2,952.25
2020-02-18 23:05:00,2,882.2,867.41,-317.02,-265.68,-261.84,897.94
2020-02-18 23:20:00,2,896.56,874.84,-326.01,-274.45,-271.14,904.42
2020-02-18 23:55:00,2,930.38,887.22,-329.68,-273.69,-272.8,948.24
2020-02-19 00:00:00,2,898.15,874.93,-328.17,-274.9,-271.06,902.68
2020-02-19 00:05:00,2,896.34,876.56,-331.42,-277.56,-275.09,898.52
2020-02-19 00:20:00,2,880.93,867.1,-331.28,-274.41,-275.52,874.74
2020-02-19 00:25:00,2,877.83,860.87,-350.84,-293.69,-169.39,870.92
2020-02-19 00:30:00,2,877.37,853.28,-354.89,-297.8,-169.39,865.09
2020-02-19 00:35:00,2,938.96,871.0,-342.95,-280.92,-169.39,933.28
2020-02-19 00:55:00,2,966.83,896.39,-315.54,-265.69,-265.85,990.66
2020-02-19 01:30:00,2,956.75,893.88,-320.37,-264.56,-267.33,976.16
2020-02-19 03:50:00,2,896.92,868.57,-331.28,-276.63,-274.07,911.29
2020-02-19 07:50:00,2,956.01,889.44,-311.65,-245.47,-251.7,984.83
2020-02-19 14:25:00,2,955.69,926.1,-313.24,-247.51,-261.25,973.56
2020-02-20 10:45:00,2,878.61,871.83,-308.64,-239.97,-251.05,866.27
2020-02-20 17:45:00,2,966.45,906.92,-325.23,-269.27,-274.03,980.81
2020-02-20 18:00:00,2,947.34,892.77,-318.86,-263.87,-267.14,964.58
2020-02-20 18:05:00,2,910.93,884.37,-336.08,-281.32,-279.69,919.68
2020-02-20 18:10:00,2,924.81,884.86,-341.99,-278.43,-278.62,944.15
2020-02-20 18:15:00,2,939.04,893.58,-320.62,-265.65,-267.32,959.35
2020-02-20 18:35:00,2,882.34,899.2,-313.51,-261.81,-260.05,1002.23
2020-02-20 19:40:00,2,966.36,889.34,-310.99,-255.94,-257.95,995.41
2020-02-20 20:25:00,2,940.4,882.92,-317.12,-262.56,-268.65,973.14
2020-02-23 07:55:00,2,882.34,871.35,-215.26,-198.48,-169.39,1041.71
2020-02-23 08:00:00,2,882.34,871.35,-215.26,-198.48,-169.39,1051.26
2020-02-27 16:15:00,2,867.09,858.17,-305.52,-216.39,-246.95,856.13
2020-03-12 11:35:00,2,926.76,915.2,-317.01,-300.14,-251.61,953.75
2020-03-12 11:40:00,2,909.12,898.29,-321.85,-305.2,-258.1,932.39
2020-03-12 17:25:00,2,923.24,903.9,-318.59,-307.45,-251.66,949.58
2020-03-12 17:50:00,2,910.63,892.44,-326.59,-320.16,-262.36,935.16
2020-03-13 02:40:00,2,892.19,886.76,-307.14,-295.49,-253.22,891.48
2020-03-13 05:45:00,2,965.79,950.83,-302.69,-283.13,-242.84,973.71
2020-03-13 05:50:00,2,882.34,978.74,-302.85,-299.16,-241.89,996.86
2020-03-22 14:45:00,2,868.46,862.44,-292.73,-281.98,-234.81,862.41
2020-03-22 15:00:00,2,868.41,861.14,-297.72,-287.47,-239.4,864.12
2020-03-22 15:05:00,2,866.89,856.26,-297.12,-292.21,-244.03,859.25
2020-03-22 15:10:00,2,866.02,853.9,-300.66,-282.05,-243.7,859.44
2020-03-22 15:15:00,2,864.5,852.63,-293.33,-288.03,-236.33,857.06
2020-03-22 15:20:00,2,865.81,855.37,-291.74,-283.86,-236.84,861.61
2020-03-22 15:25:00,2,865.72,854.95,-292.93,-280.34,-235.66,859.76
2020-03-22 15:30:00,2,865.77,855.75,-291.3,-279.8,-235.35,859.57
2020-03-22 15:35:00,2,866.87,855.24,-296.05,-279.93,-237.15,859.53
2020-03-22 15:40:00,2,865.43,854.08,-293.73,-283.24,-234.39,856.56
2020-03-22 15:45:00,2,864.26,851.59,-293.42,-279.99,-237.52,856.87
2020-03-22 15:50:00,2,864.82,850.34,-291.23,-280.95,-233.93,857.31
2020-03-22 15:55:00,2,863.22,849.11,-296.97,-285.3,-240.71,855.24
2020-03-22 16:00:00,2,862.93,848.27,-296.78,-285.89,-237.7,856.31
2020-03-22 16:05:00,2,863.17,849.0,-298.53,-289.08,-240.1,856.95
2020-03-22 16:10:00,2,863.11,847.89,-303.1,-288.81,-244.4,855.59
2020-03-22 16:15:00,2,863.68,848.22,-296.33,-285.1,-237.38,856.52
2020-03-22 16:20:00,2,864.06,848.41,-290.18,-281.14,-234.72,856.78
2020-05-01 22:35:00,2,882.34,871.35,-215.26,-198.48,-169.39,1044.39
2020-05-01 22:40:00,2,882.34,871.35,-215.26,-198.48,-169.39,1051.11
2020-05-01 22:45:00,2,882.34,871.35,-215.26,-198.48,-169.39,1055.31
2020-05-05 16:50:00,2,882.34,982.48,-299.2,-296.69,-266.66,989.14
2020-05-07 01:00:00,2,967.83,974.03,-218.19,-194.07,-174.35,1003.45
2020-05-08 00:10:00,2,882.34,992.44,-226.04,-185.05,-175.63,1024.34
2020-05-12 13:45:00,2,871.89,879.06,-306.32,-275.46,-247.18,866.63
2020-05-12 20:55:00,2,867.65,866.96,-310.17,-278.75,-249.8,855.55
2020-05-13 01:40:00,2,865.75,874.06,-301.65,-276.26,-246.14,851.82
2020-05-14 01:05:00,2,882.34,987.25,-236.03,-188.1,-191.11,1037.49
2020-05-15 12:45:00,2,952.96,939.97,-295.59,-199.28,-247.89,974.38
2020-05-16 19:30:00,2,879.02,901.29,-306.41,-266.24,-250.48,864.85
2020-05-26 16:55:00,2,865.59,871.42,-303.44,-221.04,-258.42,846.94
2020-05-27 15:10:00,2,882.34,1009.64,-249.49,-193.02,-206.99,1040.9
2020-05-28 04:20:00,2,882.34,1006.9,-222.1,-167.32,-194.31,1026.44
2020-05-28 04:40:00,2,968.4,981.38,-235.16,-174.74,-202.81,1002.81
2020-05-31 21:20:00,2,967.77,967.89,-273.66,-196.45,-221.8,998.33
2020-06-16 01:55:00,2,896.74,898.1,-315.71,-285.41,-255.38,895.89
2020-06-17 14:15:00,2,866.49,850.06,-293.99,-282.74,-240.26,853.47
2020-06-18 20:10:00,2,885.92,881.87,-314.66,-296.17,-252.81,875.78
2020-06-19 05:10:00,2,955.0,954.73,-293.61,-280.44,-239.54,977.86
2020-06-30 15:20:00,2,900.16,900.8,-328.29,-312.01,-270.73,900.86
2020-06-30 15:30:00,2,898.19,900.46,-318.61,-289.56,-259.5,898.5
2020-07-07 12:40:00,2,880.37,876.07,-322.7,-189.71,-270.79,874.59
2020-07-08 16:20:00,2,865.32,859.14,-293.27,-277.81,-238.3,858.46
2020-07-08 17:00:00,2,883.78,883.0,-328.53,-310.7,-261.93,881.56
2020-07-09 11:35:00,2,877.24,865.26,-324.93,-302.31,-260.69,868.06
2020-07-09 11:45:00,2,886.51,883.87,-312.0,-297.56,-255.22,890.99
2020-07-10 22:20:00,2,959.76,957.68,-301.52,-280.22,-242.39,973.83
2020-07-18 13:00:00,2,893.98,897.93,-353.21,-325.96,-169.39,907.13
2020-07-19 10:05:00,2,882.34,976.46,-211.97,-199.46,-169.79,1040.97
2020-07-19 10:45:00,2,882.34,1026.75,-210.07,-189.37,-168.6,1056.44
2020-07-19 11:45:00,2,882.34,966.65,-219.43,-212.19,-177.09,1045.88
2020-07-19 23:35:00,2,862.15,853.96,-308.38,-290.09,-245.58,852.88
2020-07-19 23:40:00,2,865.03,861.86,-301.98,-287.48,-241.86,859.03
2020-07-20 15:00:00,2,897.32,886.93,-338.36,-327.73,-269.47,904.13
2020-07-20 21:15:00,2,886.76,874.53,-308.49,-290.14,-247.28,866.32
2020-07-20 21:20:00,2,884.7,878.4,-312.4,-289.13,-252.81,892.01
2020-07-20 21:40:00,2,885.0,866.72,-314.18,-279.24,-247.86,868.53
2020-07-20 22:15:00,2,878.13,866.35,-307.93,-283.12,-240.43,868.88
2020-07-20 23:25:00,2,887.66,874.14,-323.36,-294.21,-256.8,885.04
2020-07-20 23:30:00,2,882.95,869.89,-306.39,-286.49,-244.89,874.07
2020-07-21 00:10:00,2,879.75,862.75,-339.47,-320.16,-269.21,858.44
2020-07-21 00:20:00,2,892.74,877.74,-314.69,-293.96,-252.49,870.81
2020-07-21 00:35:00,2,884.21,872.98,-318.34,-286.33,-251.45,885.96
2020-07-21 01:10:00,2,890.63,883.51,-318.5,-290.91,-254.32,873.84
2020-07-21 01:40:00,2,882.25,877.68,-308.05,-288.71,-244.86,872.59
2020-07-21 01:55:00,2,881.36,873.72,-307.05,-292.53,-245.28,865.22
2020-07-21 02:25:00,2,879.94,888.96,-309.54,-284.34,-247.68,868.37
2020-07-21 02:35:00,2,894.76,912.13,-320.21,-302.35,-257.19,888.66
2020-07-21 02:55:00,2,890.62,905.25,-316.81,-290.58,-251.99,878.0
2020-07-21 03:15:00,2,880.46,891.03,-307.7,-286.14,-246.33,872.33
2020-07-21 03:55:00,2,889.86,905.71,-315.96,-291.81,-253.56,877.81
2020-07-21 04:00:00,2,890.12,905.83,-316.5,-299.24,-262.36,902.74
2020-07-21 04:10:00,2,891.11,907.7,-311.75,-284.26,-251.53,883.6
2020-07-21 04:30:00,2,890.66,905.78,-310.96,-290.9,-249.47,878.01
2020-07-21 04:55:00,2,880.3,886.21,-311.54,-279.08,-251.71,852.87
2020-07-21 05:00:00,2,874.68,881.25,-317.85,-292.34,-253.95,863.61
2020-07-21 05:15:00,2,877.16,875.97,-306.56,-287.98,-247.27,872.54
2020-07-21 05:25:00,2,887.3,880.02,-315.1,-296.07,-256.26,898.89
2020-07-21 05:40:00,2,888.31,875.06,-310.55,-283.97,-248.46,870.74
2020-07-21 05:45:00,2,888.66,881.85,-319.24,-294.55,-257.3,902.93
2020-07-21 15:05:00,2,872.43,867.51,-305.82,-279.36,-241.58,859.27
2020-07-21 15:25:00,2,889.37,887.93,-319.71,-288.0,-254.9,897.24
2020-07-21 16:25:00,2,870.73,867.68,-303.64,-279.73,-245.8,853.65
2020-07-21 16:30:00,2,862.83,857.05,-300.27,-264.06,-237.9,847.91
2020-07-21 16:35:00,2,860.25,854.13,-305.73,-276.11,-241.7,848.83
2020-07-21 16:40:00,2,860.59,857.92,-296.93,-262.57,-234.8,850.97
2020-07-21 16:45:00,2,860.65,857.65,-306.7,-272.65,-243.26,849.8
2020-07-21 17:25:00,2,859.85,856.11,-311.17,-269.52,-246.01,848.75
2020-07-21 17:30:00,2,861.77,858.78,-306.09,-270.21,-243.39,851.64
2020-07-21 17:40:00,2,859.66,855.38,-316.75,-280.73,-252.0,848.68
2020-07-21 17:45:00,2,860.66,855.51,-324.78,-293.42,-257.6,852.49
2020-07-21 17:50:00,2,859.84,855.91,-307.25,-275.25,-247.77,853.61
2020-07-21 18:05:00,2,867.02,866.32,-303.55,-264.6,-240.02,861.92
2020-07-24 10:35:00,2,867.61,862.76,-310.64,-269.6,-247.76,863.74
2017-01-23 06:45:00,3,882.34,719.17,-81.81,-108.76,-85.01,984.39
2017-01-23 07:05:00,3,882.34,700.39,-215.26,-75.57,-53.72,848.26
2017-03-30 22:40:00,3,882.34,667.1,-215.26,-18.72,-169.39,759.61
2017-05-30 21:15:00,3,882.34,672.3,-76.99,-92.21,-51.15,774.35
2017-05-31 21:35:00,3,794.44,747.9,-215.26,-59.36,-169.39,845.28
2017-05-31 22:20:00,3,882.34,692.84,-78.8,-87.43,-60.62,913.18
2017-06-22 06:35:00,3,795.41,761.13,-215.26,-71.81,-169.39,856.46
2017-07-31 15:30:00,3,882.34,698.07,-84.58,-105.17,-65.19,1002.08
2017-07-31 15:35:00,3,882.34,708.67,-95.01,-119.91,-89.76,902.45
2017-07-31 15:40:00,3,882.34,714.09,-77.8,-100.01,-66.21,903.96
2017-09-13 23:20:00,3,791.05,695.57,-78.82,-92.56,-63.78,924.21
2017-09-14 03:00:00,3,882.34,683.49,-56.78,-77.1,-169.39,822.42
2017-10-19 07:15:00,3,882.34,683.12,-215.26,-88.6,-50.88,783.14
2018-01-16 18:45:00,3,882.34,658.81,-66.37,-75.71,-50.04,913.18
2018-02-02 08:50:00,3,882.34,684.97,-64.24,-70.06,-169.39,787.92
2018-02-26 18:45:00,3,882.34,714.56,-60.15,-67.18,-169.39,785.81
2018-02-28 20:25:00,3,826.33,790.48,-277.43,-293.17,-248.53,907.14
2018-03-07 20:05:00,3,796.42,739.94,-215.26,-67.91,-169.39,854.16
2018-03-11 13:00:00,3,962.37,736.07,-293.98,-298.48,-249.69,913.18
2018-03-12 17:35:00,3,901.01,689.56,-306.64,-311.08,-260.64,977.52
2018-03-14 05:30:00,3,933.53,730.36,-135.14,-150.6,-95.24,908.29
2018-03-18 01:00:00,3,966.43,675.5,-284.42,-251.18,-226.9,995.39
2018-03-19 04:45:00,3,867.38,683.44,-132.72,-129.62,-84.63,895.63
2018-04-04 03:35:00,3,882.34,687.51,-74.57,-73.12,-61.39,1046.53
2018-04-14 11:50:00,3,882.34,717.83,-61.07,-69.54,-169.39,807.51
2018-04-24 04:15:00,3,948.08,750.95,-296.99,-266.65,-221.9,1028.41
2018-04-24 04:20:00,3,953.26,751.18,-295.36,-268.24,-226.87,1014.41
2018-04-24 04:40:00,3,920.84,753.33,-330.34,-279.05,-237.28,1003.98
2018-04-24 19:45:00,3,882.34,725.75,-296.21,-267.97,-230.67,1003.74
2018-04-25 17:15:00,3,934.01,721.93,-347.09,-321.19,-169.39,1053.54
2018-05-08 10:25:00,3,956.21,748.54,-181.44,-127.62,-142.44,960.53
2018-05-08 11:10:00,3,849.41,709.3,-182.69,-96.06,-145.11,849.23
2018-05-08 12:30:00,3,853.82,735.93,-180.13,-83.96,-140.77,853.96
2018-05-08 12:35:00,3,848.16,734.0,-178.81,-64.32,-140.65,848.38
2018-05-08 12:40:00,3,847.22,743.52,-177.68,-60.75,-138.15,847.17
2018-05-08 13:05:00,3,845.72,766.79,-189.74,-81.56,-148.09,847.16
2018-05-09 06:40:00,3,849.52,699.88,-179.42,-94.05,-141.95,871.91
2018-05-09 08:30:00,3,867.3,690.47,-180.61,-60.46,-142.48,888.92
2018-05-09 09:50:00,3,935.61,724.15,-188.96,-61.81,-148.83,996.04
2018-05-09 11:55:00,3,882.34,713.96,-66.27,-54.01,-169.39,773.67
2018-05-09 13:45:00,3,882.34,653.42,-67.02,-85.8,-53.49,758.48
2018-05-09 13:50:00,3,882.34,704.74,-62.49,-91.67,-54.6,819.9
2018-05-10 11:50:00,3,895.04,670.53,-94.59,-78.88,-76.32,878.32
2018-05-10 11:55:00,3,894.56,677.39,-118.91,-94.46,-102.09,893.34
2018-05-10 12:00:00,3,878.01,675.51,-125.76,-105.31,-109.06,912.62
2018-05-10 12:05:00,3,958.97,689.78,-129.2,-104.42,-111.84,951.59
2018-05-18 18:20:00,3,931.8,787.46,-297.18,-290.84,-247.37,974.32
2018-05-19 13:40:00,3,940.74,668.05,-70.58,-75.75,-58.65,957.59
2018-05-19 13:45:00,3,913.23,666.11,-81.73,-84.18,-72.13,902.53
2018-05-19 13:55:00,3,874.29,657.14,-110.85,-117.78,-100.81,887.38
2018-05-19 14:00:00,3,905.29,683.23,-127.45,-130.96,-113.72,899.65
2018-05-22 00:10:00,3,882.34,711.91,-58.43,-73.64,-169.39,804.6
2018-05-23 21:50:00,3,810.19,666.82,-215.26,-40.05,-169.39,889.42
2018-05-24 04:25:00,3,793.84,684.85,-144.7,-145.91,-102.89,888.58
2018-05-31 14:50:00,3,943.46,762.1,-297.06,-282.08,-231.15,965.0
2018-05-31 15:10:00,3,952.28,790.68,-303.46,-287.97,-235.42,975.27
2018-05-31 15:25:00,3,941.93,783.24,-309.36,-296.52,-240.61,964.86
2018-06-01 02:15:00,3,882.34,677.15,-90.88,-100.37,-77.19,957.35
2018-06-01 02:20:00,3,882.34,699.13,-89.13,-93.17,-66.87,779.78
2018-06-01 02:25:00,3,882.34,706.25,-103.14,-97.69,-79.73,913.18
2018-06-07 05:20:00,3,882.34,657.65,-67.21,-71.06,-49.72,772.39
2018-06-07 05:25:00,3,882.34,690.41,-84.28,-97.02,-55.56,802.51
2018-06-19 18:45:00,3,882.34,694.97,-71.42,-78.35,-50.88,913.18
2018-06-19 18:50:00,3,882.34,700.97,-81.48,-87.09,-55.97,755.23
2018-06-27 16:05:00,3,882.34,676.57,-80.67,-93.84,-60.67,913.18
2018-06-27 16:10:00,3,882.34,691.89,-86.55,-97.78,-62.62,913.18
2018-06-28 10:35:00,3,882.34,693.16,-78.23,-89.62,-65.57,804.17
2018-06-28 11:05:00,3,882.34,688.6,-79.08,-92.88,-51.66,913.18
2018-07-10 12:45:00,3,882.34,678.72,-65.47,-93.33,-62.14,909.77
2018-07-10 12:50:00,3,882.34,716.89,-104.62,-123.46,-108.35,833.37
2018-07-10 13:20:00,3,882.34,662.71,-55.27,-72.36,-50.9,913.18
2018-07-10 13:25:00,3,882.34,675.82,-82.65,-104.05,-85.15,913.18
2018-09-17 17:00:00,3,882.34,658.47,-75.87,-92.79,-80.85,803.94
2018-09-17 17:05:00,3,813.75,694.59,-67.06,-87.61,-59.76,834.29
2018-09-17 17:10:00,3,825.95,725.68,-109.65,-118.99,-114.39,821.05
2018-09-17 17:15:00,3,809.04,730.94,-113.1,-118.65,-114.88,829.88
2018-09-17 17:20:00,3,807.7,731.46,-102.53,-112.1,-107.23,832.77
2018-10-18 09:55:00,3,882.34,719.69,-215.26,-42.55,-50.43,788.39
2018-10-18 10:15:00,3,882.34,738.95,-215.26,-81.05,-65.38,801.13
2018-10-18 10:20:00,3,882.34,713.19,-215.26,-74.89,-53.78,793.56
2018-10-18 10:25:00,3,882.34,718.35,-215.26,-69.35,-49.99,808.16
2018-10-18 10:30:00,3,882.34,728.35,-215.26,-47.77,-49.95,816.01
2018-10-18 11:20:00,3,796.03,752.88,-215.26,-42.46,-169.39,820.02
2018-10-23 15:20:00,3,882.34,668.21,-56.53,-65.32,-169.39,801.62
2018-10-23 15:30:00,3,882.34,690.61,-79.11,-86.08,-65.88,913.18
2018-10-23 15:35:00,3,882.34,725.51,-98.75,-103.74,-84.81,792.38
2018-10-23 15:45:00,3,794.07,737.88,-102.58,-105.69,-92.39,818.17
2018-10-23 16:15:00,3,818.51,734.25,-101.44,-107.27,-95.81,828.08
2018-11-05 11:25:00,3,882.34,694.76,-90.34,-96.93,-71.1,802.39
2018-11-05 11:30:00,3,882.34,719.77,-80.21,-101.19,-66.39,802.47
2018-12-07 06:00:00,3,851.25,674.02,-215.26,-57.58,-169.39,792.73
2018-12-07 06:10:00,3,909.68,716.24,-55.75,-68.91,-169.39,846.9
2018-12-09 22:55:00,3,882.34,688.59,-66.52,-71.11,-52.74,950.13
2018-12-09 23:00:00,3,828.64,715.23,-59.46,-64.79,-169.39,892.77
2018-12-13 19:15:00,3,807.45,725.98,-215.26,-33.25,-169.39,1030.26
2018-12-22 11:35:00,3,882.34,714.58,-98.92,-98.48,-87.72,974.02
2019-01-12 05:25:00,3,882.34,699.93,-62.0,-48.87,-169.39,820.38
2019-02-08 00:25:00,3,947.09,757.68,-134.13,-139.91,-112.03,931.62
2019-02-11 18:05:00,3,882.34,673.39,-63.46,-60.31,-66.46,811.81
2019-02-11 18:10:00,3,882.34,672.82,-82.81,-83.78,-85.14,913.18
2019-02-11 18:15:00,3,882.34,680.58,-62.22,-68.03,-55.75,913.18
2019-02-11 18:20:00,3,882.34,690.65,-76.34,-72.17,-67.73,913.18
2019-02-11 18:25:00,3,882.34,698.47,-65.21,-65.56,-57.66,766.13
2019-02-11 18:30:00,3,788.94,711.14,-91.13,-93.51,-88.46,783.1
2019-02-11 18:50:00,3,882.34,716.09,-74.87,-93.08,-87.78,789.46
2019-02-11 18:55:00,3,806.52,717.84,-82.67,-93.14,-85.5,809.83
2019-03-17 20:05:00,3,882.34,658.0,-215.26,-18.77,-169.39,1028.76
2019-03-17 20:10:00,3,882.34,675.79,-215.26,-31.65,-55.58,971.58
2019-03-17 20:15:00,3,882.34,679.03,-60.75,-60.41,-58.77,826.7
2019-03-17 20:20:00,3,882.34,695.89,-92.88,-59.62,-95.63,792.76
2019-03-17 20:25:00,3,792.24,711.1,-94.44,-64.32,-93.87,790.95
2019-03-17 20:30:00,3,801.93,720.6,-99.71,-70.58,-97.18,791.0
2019-03-17 20:35:00,3,810.58,718.45,-111.13,-71.72,-108.51,797.69
2019-03-17 20:40:00,3,819.72,715.52,-110.23,-75.79,-103.25,809.28
2019-03-17 20:45:00,3,829.62,736.05,-144.03,-87.1,-126.6,822.49
2019-03-17 20:50:00,3,821.94,744.42,-156.09,-105.27,-136.11,815.57
2019-03-17 20:55:00,3,827.88,744.16,-140.91,-92.37,-126.43,817.58
2019-03-17 21:10:00,3,789.9,758.87,-215.26,-62.49,-169.39,781.7
2019-03-18 15:35:00,3,882.34,661.19,-59.05,-45.27,-59.13,817.58
2019-03-18 15:40:00,3,882.34,661.19,-80.09,-66.67,-82.08,913.18
2019-03-18 15:45:00,3,882.34,661.19,-76.38,-67.29,-74.84,913.18
2019-03-22 16:35:00,3,939.74,799.28,-296.69,-267.65,-238.19,912.18
2019-03-22 17:05:00,3,940.2,792.81,-291.29,-264.61,-235.78,1011.02
2019-03-22 21:40:00,3,961.54,781.23,-292.43,-244.13,-234.82,1018.76
2019-03-26 00:15:00,3,962.17,769.0,-311.02,-265.62,-256.7,966.14
2019-03-26 16:15:00,3,967.43,772.46,-289.46,-282.37,-233.28,1016.67
2019-04-16 04:35:00,3,882.34,652.86,-215.26,-41.33,-169.39,767.31
2019-04-21 07:15:00,3,798.95,758.21,-215.26,-28.0,-169.39,806.38
2019-05-14 09:10:00,3,882.34,715.64,-60.36,-51.13,-169.39,763.41
2019-06-22 02:10:00,3,882.34,680.05,-61.8,-52.05,-169.39,845.41
2019-07-01 03:05:00,3,882.34,680.72,-101.94,-91.27,-89.31,770.81
2019-10-26 09:15:00,3,882.34,735.86,-215.26,-70.52,-60.99,765.67
2019-10-26 09:30:00,3,882.34,739.11,-215.26,-72.6,-50.58,775.54
2019-10-27 06:20:00,3,797.36,736.77,-215.26,-62.99,-67.54,793.36
2019-10-27 06:25:00,3,882.34,706.24,-82.81,-84.23,-99.85,774.48
2019-10-27 06:30:00,3,792.89,690.92,-61.07,-63.87,-69.97,801.08
2019-10-27 06:35:00,3,812.5,709.15,-215.26,-63.98,-62.15,816.19
2019-10-27 06:50:00,3,831.87,751.58,-117.51,-119.05,-130.3,821.68
2019-10-27 06:55:00,3,820.79,701.38,-71.41,-79.4,-81.63,816.62
2019-10-27 07:00:00,3,829.15,706.56,-96.0,-98.08,-107.9,825.64
2019-10-27 17:00:00,3,804.22,769.84,-215.26,-50.76,-169.39,828.72
2019-11-08 20:05:00,3,882.34,705.97,-89.56,-81.79,-82.77,764.87
2019-11-14 04:15:00,3,957.45,770.79,-164.6,-136.4,-126.51,959.89
2019-11-14 04:20:00,3,954.07,772.2,-169.23,-149.41,-130.85,959.61
2019-11-14 22:25:00,3,831.79,779.48,-295.37,-258.62,-238.91,898.8
2019-11-20 17:20:00,3,800.84,752.07,-215.26,-42.93,-169.39,802.05
2020-05-02 00:20:00,3,882.34,695.28,-87.09,-92.62,-83.78,853.98
2020-05-02 00:25:00,3,882.34,695.0,-86.98,-93.55,-72.4,781.33
2020-05-02 00:30:00,3,882.34,713.72,-93.22,-105.24,-86.02,794.32
2020-05-17 21:15:00,3,796.26,725.72,-189.19,-151.48,-168.82,787.93
